Added Component: Designator=C1(CAPC1608X07N)
Add component (AddParameter): Name = "Dielectric"; Value = "X7R"; VariantName = "[No Variations]"
Add component (AddParameter): Name = "MF"; Value = "Würth"; VariantName = "[No Variations]"
Add component (AddParameter): Name = "MPN"; Value = "885012206065"; VariantName = "[No Variations]"
Add component (AddParameter): Name = "Package"; Value = "0603"; VariantName = "[No Variations]"
Add component (AddParameter): Name = "Supplier 1"; Value = "Mouser"; VariantName = "[No Variations]"
Add component (AddParameter): Name = "Supplier 2"; Value = "Digi-Key"; VariantName = "[No Variations]"
Add component (AddParameter): Name = "Supplier Part Number 1"; Value = "710-885012206065"; VariantName = "[No Variations]"
Add component (AddParameter): Name = "Supplier Part Number 2"; Value = "732-7983-1-ND"; VariantName = "[No Variations]"
Add component (AddParameter): Name = "Value"; Value = "10nF"; VariantName = "[No Variations]"
Add component (AddParameter): Name = "Voltage"; Value = "25V"; VariantName = "[No Variations]"
Added Component: Designator=C2(CAPC1608X07N)
Add component (AddParameter): Name = "Dielectric"; Value = "C0G"; VariantName = "[No Variations]"
Add component (AddParameter): Name = "MF"; Value = "KEMET"; VariantName = "[No Variations]"
Add component (AddParameter): Name = "MPN"; Value = "C0603C752J3GACTU"; VariantName = "[No Variations]"
Add component (AddParameter): Name = "Package"; Value = "0603"; VariantName = "[No Variations]"
Add component (AddParameter): Name = "Supplier 1"; Value = "Mouser"; VariantName = "[No Variations]"
Add component (AddParameter): Name = "Supplier 2"; Value = ""; VariantName = "[No Variations]"
Add component (AddParameter): Name = "Supplier Part Number 1"; Value = "80-C0603C752J3GACTU"; VariantName = "[No Variations]"
Add component (AddParameter): Name = "Supplier Part Number 2"; Value = ""; VariantName = "[No Variations]"
Add component (AddParameter): Name = "Tolerance"; Value = "5%"; VariantName = "[No Variations]"
Add component (AddParameter): Name = "Value"; Value = "7.5nF"; VariantName = "[No Variations]"
Add component (AddParameter): Name = "Voltage"; Value = "25V"; VariantName = "[No Variations]"
Added Component: Designator=C3(C_1206)
Add component (AddParameter): Name = "Created"; Value = ""; VariantName = "[No Variations]"
Add component (AddParameter): Name = "Dielectric"; Value = "X6S"; VariantName = "[No Variations]"
Add component (AddParameter): Name = "MF"; Value = "Murata Electronics"; VariantName = "[No Variations]"
Add component (AddParameter): Name = "MPN"; Value = "GRT31CC8YA106KE01L"; VariantName = "[No Variations]"
Add component (AddParameter): Name = "Package"; Value = "1206"; VariantName = "[No Variations]"
Add component (AddParameter): Name = "Supplier 1"; Value = "Mouser"; VariantName = "[No Variations]"
Add component (AddParameter): Name = "Supplier Part Number 1"; Value = "81-GRT31CC8YA106KE1L"; VariantName = "[No Variations]"
Add component (AddParameter): Name = "Tolerance"; Value = "10%"; VariantName = "[No Variations]"
Add component (AddParameter): Name = "Value"; Value = "10µF"; VariantName = "[No Variations]"
Add component (AddParameter): Name = "Voltage"; Value = "35V"; VariantName = "[No Variations]"
Added Component: Designator=C4(C_1206)
Add component (AddParameter): Name = "Created"; Value = ""; VariantName = "[No Variations]"
Add component (AddParameter): Name = "Dielectric"; Value = "X6S"; VariantName = "[No Variations]"
Add component (AddParameter): Name = "MF"; Value = "Murata Electronics"; VariantName = "[No Variations]"
Add component (AddParameter): Name = "MPN"; Value = "GRT31CC8YA106KE01L"; VariantName = "[No Variations]"
Add component (AddParameter): Name = "Package"; Value = "1206"; VariantName = "[No Variations]"
Add component (AddParameter): Name = "Supplier 1"; Value = "Mouser"; VariantName = "[No Variations]"
Add component (AddParameter): Name = "Supplier Part Number 1"; Value = "81-GRT31CC8YA106KE1L"; VariantName = "[No Variations]"
Add component (AddParameter): Name = "Tolerance"; Value = "10%"; VariantName = "[No Variations]"
Add component (AddParameter): Name = "Value"; Value = "10µF"; VariantName = "[No Variations]"
Add component (AddParameter): Name = "Voltage"; Value = "35V"; VariantName = "[No Variations]"
Added Component: Designator=C5(CAPC1608X07N)
Add component (AddParameter): Name = "Dielectric"; Value = "X7R"; VariantName = "[No Variations]"
Add component (AddParameter): Name = "MF"; Value = "Würth"; VariantName = "[No Variations]"
Add component (AddParameter): Name = "MPN"; Value = "885012206071"; VariantName = "[No Variations]"
Add component (AddParameter): Name = "Package"; Value = "0603"; VariantName = "[No Variations]"
Add component (AddParameter): Name = "Supplier 1"; Value = "Mouser"; VariantName = "[No Variations]"
Add component (AddParameter): Name = "Supplier 2"; Value = "Digi-Key"; VariantName = "[No Variations]"
Add component (AddParameter): Name = "Supplier Part Number 1"; Value = "710-885012206071"; VariantName = "[No Variations]"
Add component (AddParameter): Name = "Supplier Part Number 2"; Value = "732-7989-1-ND"; VariantName = "[No Variations]"
Add component (AddParameter): Name = "Value"; Value = "100nF"; VariantName = "[No Variations]"
Add component (AddParameter): Name = "Voltage"; Value = "25V"; VariantName = "[No Variations]"
Added Component: Designator=C6(C_1206)
Add component (AddParameter): Name = "Created"; Value = ""; VariantName = "[No Variations]"
Add component (AddParameter): Name = "Dielectric"; Value = "C0G"; VariantName = "[No Variations]"
Add component (AddParameter): Name = "MF"; Value = "Murata Electronics"; VariantName = "[No Variations]"
Add component (AddParameter): Name = "MPN"; Value = "GRM3195C1H273JA01D"; VariantName = "[No Variations]"
Add component (AddParameter): Name = "Package"; Value = "1206"; VariantName = "[No Variations]"
Add component (AddParameter): Name = "Supplier 1"; Value = "Mouser"; VariantName = "[No Variations]"
Add component (AddParameter): Name = "Supplier Part Number 1"; Value = "81-GRM315C1H273JA01D"; VariantName = "[No Variations]"
Add component (AddParameter): Name = "Tolerance"; Value = "5%"; VariantName = "[No Variations]"
Add component (AddParameter): Name = "Value"; Value = "0.027µF"; VariantName = "[No Variations]"
Add component (AddParameter): Name = "Voltage"; Value = "50V"; VariantName = "[No Variations]"
Added Component: Designator=C7(WCAP-ATG5_8x11.5x3.5)
Add component (AddParameter): Name = "ComponentLink1Description"; Value = "Manufacturer"; VariantName = "[No Variations]"
Add component (AddParameter): Name = "ComponentLink1URL"; Value = "http://www.we-online.de"; VariantName = "[No Variations]"
Add component (AddParameter): Name = "ComponentLink2Description"; Value = "Datasheet"; VariantName = "[No Variations]"
Add component (AddParameter): Name = "ComponentLink2URL"; Value = "http://katalog.we-online.com/pbs/datasheet/860020574012.pdf"; VariantName = "[No Variations]"
Add component (AddParameter): Name = "Life Cycle"; Value = "2000h"; VariantName = "[No Variations]"
Add component (AddParameter): Name = "MF"; Value = "Würth Elektronik"; VariantName = "[No Variations]"
Add component (AddParameter): Name = "MPN"; Value = "860020574012"; VariantName = "[No Variations]"
Add component (AddParameter): Name = "Operating Temperature"; Value = "-40 °C up to +105 °C"; VariantName = "[No Variations]"
Add component (AddParameter): Name = "Part Number"; Value = "860020574012"; VariantName = "[No Variations]"
Add component (AddParameter): Name = "Published Date"; Value = ""; VariantName = "[No Variations]"
Add component (AddParameter): Name = "Size"; Value = "8x11.5mm"; VariantName = "[No Variations]"
Add component (AddParameter): Name = "Supplier 1"; Value = "Mouser"; VariantName = "[No Variations]"
Add component (AddParameter): Name = "Supplier Part Number 1"; Value = "710-860020574012"; VariantName = "[No Variations]"
Add component (AddParameter): Name = "Value"; Value = "220 uF"; VariantName = "[No Variations]"
Add component (AddParameter): Name = "Voltage"; Value = "35Vdc"; VariantName = "[No Variations]"
Added Component: Designator=C8(CAPC1608X07N)
Add component (AddParameter): Name = "Dielectric"; Value = "X7R"; VariantName = "[No Variations]"
Add component (AddParameter): Name = "MF"; Value = "Würth"; VariantName = "[No Variations]"
Add component (AddParameter): Name = "MPN"; Value = "885012206071"; VariantName = "[No Variations]"
Add component (AddParameter): Name = "Package"; Value = "0603"; VariantName = "[No Variations]"
Add component (AddParameter): Name = "Supplier 1"; Value = "Mouser"; VariantName = "[No Variations]"
Add component (AddParameter): Name = "Supplier 2"; Value = ""; VariantName = "[No Variations]"
Add component (AddParameter): Name = "Supplier Part Number 1"; Value = "710-885012206071"; VariantName = "[No Variations]"
Add component (AddParameter): Name = "Supplier Part Number 2"; Value = ""; VariantName = "[No Variations]"
Add component (AddParameter): Name = "Tolerance"; Value = "10%"; VariantName = "[No Variations]"
Add component (AddParameter): Name = "Value"; Value = "100nF"; VariantName = "[No Variations]"
Add component (AddParameter): Name = "Voltage"; Value = "25V"; VariantName = "[No Variations]"
Added Component: Designator=C9(C_1206)
Add component (AddParameter): Name = "Created"; Value = ""; VariantName = "[No Variations]"
Add component (AddParameter): Name = "Dielectric"; Value = "X5R"; VariantName = "[No Variations]"
Add component (AddParameter): Name = "MF"; Value = "Murata Electronics"; VariantName = "[No Variations]"
Add component (AddParameter): Name = "MPN"; Value = "GRM31CR61A476ME15L"; VariantName = "[No Variations]"
Add component (AddParameter): Name = "Package"; Value = "1206"; VariantName = "[No Variations]"
Add component (AddParameter): Name = "Supplier 1"; Value = "Mouser"; VariantName = "[No Variations]"
Add component (AddParameter): Name = "Supplier Part Number 1"; Value = "81-GRM31CR61A476ME5L"; VariantName = "[No Variations]"
Add component (AddParameter): Name = "Tolerance"; Value = "20%"; VariantName = "[No Variations]"
Add component (AddParameter): Name = "Value"; Value = "47µF"; VariantName = "[No Variations]"
Add component (AddParameter): Name = "Voltage"; Value = "10V"; VariantName = "[No Variations]"
Added Component: Designator=C10(C_1206)
Add component (AddParameter): Name = "Created"; Value = ""; VariantName = "[No Variations]"
Add component (AddParameter): Name = "Dielectric"; Value = "X5R"; VariantName = "[No Variations]"
Add component (AddParameter): Name = "MF"; Value = "Murata Electronics"; VariantName = "[No Variations]"
Add component (AddParameter): Name = "MPN"; Value = "GRM31CR61A476ME15L"; VariantName = "[No Variations]"
Add component (AddParameter): Name = "Package"; Value = "1206"; VariantName = "[No Variations]"
Add component (AddParameter): Name = "Supplier 1"; Value = "Mouser"; VariantName = "[No Variations]"
Add component (AddParameter): Name = "Supplier Part Number 1"; Value = "81-GRM31CR61A476ME5L"; VariantName = "[No Variations]"
Add component (AddParameter): Name = "Tolerance"; Value = "20%"; VariantName = "[No Variations]"
Add component (AddParameter): Name = "Value"; Value = "47µF"; VariantName = "[No Variations]"
Add component (AddParameter): Name = "Voltage"; Value = "10V"; VariantName = "[No Variations]"
Added Component: Designator=C11(CAPC1608X07N)
Add component (AddParameter): Name = "Dielectric"; Value = "X5R"; VariantName = "[No Variations]"
Add component (AddParameter): Name = "MF"; Value = "Würth"; VariantName = "[No Variations]"
Add component (AddParameter): Name = "MPN"; Value = "885012106022"; VariantName = "[No Variations]"
Add component (AddParameter): Name = "Package"; Value = "0603"; VariantName = "[No Variations]"
Add component (AddParameter): Name = "Supplier 1"; Value = "Mouser"; VariantName = "[No Variations]"
Add component (AddParameter): Name = "Supplier 2"; Value = "Digi-Key"; VariantName = "[No Variations]"
Add component (AddParameter): Name = "Supplier Part Number 1"; Value = "710-885012106022"; VariantName = "[No Variations]"
Add component (AddParameter): Name = "Supplier Part Number 2"; Value = "732-7919-1-ND"; VariantName = "[No Variations]"
Add component (AddParameter): Name = "Value"; Value = "1u"; VariantName = "[No Variations]"
Add component (AddParameter): Name = "Voltage"; Value = "25V"; VariantName = "[No Variations]"
Added Component: Designator=C12(CAPC1608X07N)
Add component (AddParameter): Name = "Dielectric"; Value = "X7R"; VariantName = "[No Variations]"
Add component (AddParameter): Name = "MF"; Value = "Würth"; VariantName = "[No Variations]"
Add component (AddParameter): Name = "MPN"; Value = "885012206065"; VariantName = "[No Variations]"
Add component (AddParameter): Name = "Package"; Value = "0603"; VariantName = "[No Variations]"
Add component (AddParameter): Name = "Supplier 1"; Value = "Mouser"; VariantName = "[No Variations]"
Add component (AddParameter): Name = "Supplier 2"; Value = "Digi-Key"; VariantName = "[No Variations]"
Add component (AddParameter): Name = "Supplier Part Number 1"; Value = "710-885012206065"; VariantName = "[No Variations]"
Add component (AddParameter): Name = "Supplier Part Number 2"; Value = "732-7983-1-ND"; VariantName = "[No Variations]"
Add component (AddParameter): Name = "Value"; Value = "10nF"; VariantName = "[No Variations]"
Add component (AddParameter): Name = "Voltage"; Value = "25V"; VariantName = "[No Variations]"
Added Component: Designator=C13(CAPC1608X07N)
Add component (AddParameter): Name = "Dielectric"; Value = "C0G"; VariantName = "[No Variations]"
Add component (AddParameter): Name = "MF"; Value = "KEMET"; VariantName = "[No Variations]"
Add component (AddParameter): Name = "MPN"; Value = "C0603C752J3GACTU"; VariantName = "[No Variations]"
Add component (AddParameter): Name = "Package"; Value = "0603"; VariantName = "[No Variations]"
Add component (AddParameter): Name = "Supplier 1"; Value = "Mouser"; VariantName = "[No Variations]"
Add component (AddParameter): Name = "Supplier 2"; Value = ""; VariantName = "[No Variations]"
Add component (AddParameter): Name = "Supplier Part Number 1"; Value = "80-C0603C752J3GACTU"; VariantName = "[No Variations]"
Add component (AddParameter): Name = "Supplier Part Number 2"; Value = ""; VariantName = "[No Variations]"
Add component (AddParameter): Name = "Tolerance"; Value = "5%"; VariantName = "[No Variations]"
Add component (AddParameter): Name = "Value"; Value = "7.5nF"; VariantName = "[No Variations]"
Add component (AddParameter): Name = "Voltage"; Value = "25V"; VariantName = "[No Variations]"
Added Component: Designator=C14(WCAP-ATG5_8x11.5x3.5)
Add component (AddParameter): Name = "ComponentLink1Description"; Value = "Manufacturer"; VariantName = "[No Variations]"
Add component (AddParameter): Name = "ComponentLink1URL"; Value = "http://www.we-online.de"; VariantName = "[No Variations]"
Add component (AddParameter): Name = "ComponentLink2Description"; Value = "Datasheet"; VariantName = "[No Variations]"
Add component (AddParameter): Name = "ComponentLink2URL"; Value = "http://katalog.we-online.com/pbs/datasheet/860020574012.pdf"; VariantName = "[No Variations]"
Add component (AddParameter): Name = "Life Cycle"; Value = "2000h"; VariantName = "[No Variations]"
Add component (AddParameter): Name = "MF"; Value = "Würth Elektronik"; VariantName = "[No Variations]"
Add component (AddParameter): Name = "MPN"; Value = "860020574012"; VariantName = "[No Variations]"
Add component (AddParameter): Name = "Operating Temperature"; Value = "-40 °C up to +105 °C"; VariantName = "[No Variations]"
Add component (AddParameter): Name = "Part Number"; Value = "860020574012"; VariantName = "[No Variations]"
Add component (AddParameter): Name = "Published Date"; Value = ""; VariantName = "[No Variations]"
Add component (AddParameter): Name = "Size"; Value = "8x11.5mm"; VariantName = "[No Variations]"
Add component (AddParameter): Name = "Supplier 1"; Value = "Mouser"; VariantName = "[No Variations]"
Add component (AddParameter): Name = "Supplier Part Number 1"; Value = "710-860020574012"; VariantName = "[No Variations]"
Add component (AddParameter): Name = "Value"; Value = "220 uF"; VariantName = "[No Variations]"
Add component (AddParameter): Name = "Voltage"; Value = "35 Vdc"; VariantName = "[No Variations]"
Added Component: Designator=C15(WCAP-ATG5_8x11.5x3.5)
Add component (AddParameter): Name = "ComponentLink1Description"; Value = "Manufacturer"; VariantName = "[No Variations]"
Add component (AddParameter): Name = "ComponentLink1URL"; Value = "http://www.we-online.de"; VariantName = "[No Variations]"
Add component (AddParameter): Name = "ComponentLink2Description"; Value = "Datasheet"; VariantName = "[No Variations]"
Add component (AddParameter): Name = "ComponentLink2URL"; Value = "http://katalog.we-online.com/pbs/datasheet/860020574012.pdf"; VariantName = "[No Variations]"
Add component (AddParameter): Name = "Life Cycle"; Value = "2000h"; VariantName = "[No Variations]"
Add component (AddParameter): Name = "MF"; Value = "Würth Elektronik"; VariantName = "[No Variations]"
Add component (AddParameter): Name = "MPN"; Value = "860020574012"; VariantName = "[No Variations]"
Add component (AddParameter): Name = "Operating Temperature"; Value = "-40 °C up to +105 °C"; VariantName = "[No Variations]"
Add component (AddParameter): Name = "Part Number"; Value = "860020574012"; VariantName = "[No Variations]"
Add component (AddParameter): Name = "Published Date"; Value = ""; VariantName = "[No Variations]"
Add component (AddParameter): Name = "Size"; Value = "8x11.5mm"; VariantName = "[No Variations]"
Add component (AddParameter): Name = "Supplier 1"; Value = "Mouser"; VariantName = "[No Variations]"
Add component (AddParameter): Name = "Supplier Part Number 1"; Value = "710-860020574012"; VariantName = "[No Variations]"
Add component (AddParameter): Name = "Value"; Value = "220 uF"; VariantName = "[No Variations]"
Add component (AddParameter): Name = "Voltage"; Value = "35 Vdc"; VariantName = "[No Variations]"
Added Component: Designator=C16(C_1206)
Add component (AddParameter): Name = "Created"; Value = ""; VariantName = "[No Variations]"
Add component (AddParameter): Name = "Dielectric"; Value = "X6S"; VariantName = "[No Variations]"
Add component (AddParameter): Name = "MF"; Value = "Murata Electronics"; VariantName = "[No Variations]"
Add component (AddParameter): Name = "MPN"; Value = "GRT31CC8YA106KE01L"; VariantName = "[No Variations]"
Add component (AddParameter): Name = "Package"; Value = "1206"; VariantName = "[No Variations]"
Add component (AddParameter): Name = "Supplier 1"; Value = "Mouser"; VariantName = "[No Variations]"
Add component (AddParameter): Name = "Supplier Part Number 1"; Value = "81-GRT31CC8YA106KE1L"; VariantName = "[No Variations]"
Add component (AddParameter): Name = "Tolerance"; Value = "10%"; VariantName = "[No Variations]"
Add component (AddParameter): Name = "Value"; Value = "10µF"; VariantName = "[No Variations]"
Add component (AddParameter): Name = "Voltage"; Value = "35V"; VariantName = "[No Variations]"
Added Component: Designator=C17(C_1206)
Add component (AddParameter): Name = "Created"; Value = ""; VariantName = "[No Variations]"
Add component (AddParameter): Name = "Dielectric"; Value = "X6S"; VariantName = "[No Variations]"
Add component (AddParameter): Name = "MF"; Value = "Murata Electronics"; VariantName = "[No Variations]"
Add component (AddParameter): Name = "MPN"; Value = "GRT31CC8YA106KE01L"; VariantName = "[No Variations]"
Add component (AddParameter): Name = "Package"; Value = "1206"; VariantName = "[No Variations]"
Add component (AddParameter): Name = "Supplier 1"; Value = "Mouser"; VariantName = "[No Variations]"
Add component (AddParameter): Name = "Supplier Part Number 1"; Value = "81-GRT31CC8YA106KE1L"; VariantName = "[No Variations]"
Add component (AddParameter): Name = "Tolerance"; Value = "10%"; VariantName = "[No Variations]"
Add component (AddParameter): Name = "Value"; Value = "10µF"; VariantName = "[No Variations]"
Add component (AddParameter): Name = "Voltage"; Value = "35V"; VariantName = "[No Variations]"
Added Component: Designator=C18(CAPC1608X07N)
Add component (AddParameter): Name = "Dielectric"; Value = "X7R"; VariantName = "[No Variations]"
Add component (AddParameter): Name = "MF"; Value = "Taiyo Yuden"; VariantName = "[No Variations]"
Add component (AddParameter): Name = "MPN"; Value = "GMK107B7104KAHT"; VariantName = "[No Variations]"
Add component (AddParameter): Name = "Package"; Value = "0603"; VariantName = "[No Variations]"
Add component (AddParameter): Name = "Supplier 1"; Value = "Mouser"; VariantName = "[No Variations]"
Add component (AddParameter): Name = "Supplier 2"; Value = "Digi-Key"; VariantName = "[No Variations]"
Add component (AddParameter): Name = "Supplier Part Number 1"; Value = "963-GMK107B7104KAHT"; VariantName = "[No Variations]"
Add component (AddParameter): Name = "Supplier Part Number 2"; Value = "587-3354-1-ND"; VariantName = "[No Variations]"
Add component (AddParameter): Name = "Tolerance"; Value = "10%"; VariantName = "[No Variations]"
Add component (AddParameter): Name = "Value"; Value = "100nF"; VariantName = "[No Variations]"
Add component (AddParameter): Name = "Voltage"; Value = "35V"; VariantName = "[No Variations]"
Added Component: Designator=C19(CAPC1608X07N)
Add component (AddParameter): Name = "Dielectric"; Value = "X7R"; VariantName = "[No Variations]"
Add component (AddParameter): Name = "MF"; Value = "Würth"; VariantName = "[No Variations]"
Add component (AddParameter): Name = "MPN"; Value = "885012206071"; VariantName = "[No Variations]"
Add component (AddParameter): Name = "Package"; Value = "0603"; VariantName = "[No Variations]"
Add component (AddParameter): Name = "Supplier 1"; Value = "Mouser"; VariantName = "[No Variations]"
Add component (AddParameter): Name = "Supplier 2"; Value = ""; VariantName = "[No Variations]"
Add component (AddParameter): Name = "Supplier Part Number 1"; Value = "710-885012206071"; VariantName = "[No Variations]"
Add component (AddParameter): Name = "Supplier Part Number 2"; Value = ""; VariantName = "[No Variations]"
Add component (AddParameter): Name = "Tolerance"; Value = "10%"; VariantName = "[No Variations]"
Add component (AddParameter): Name = "Value"; Value = "100nF"; VariantName = "[No Variations]"
Add component (AddParameter): Name = "Voltage"; Value = "25V"; VariantName = "[No Variations]"
Added Component: Designator=C20(C_1206)
Add component (AddParameter): Name = "Created"; Value = ""; VariantName = "[No Variations]"
Add component (AddParameter): Name = "Dielectric"; Value = "X5R"; VariantName = "[No Variations]"
Add component (AddParameter): Name = "MF"; Value = "Murata Electronics"; VariantName = "[No Variations]"
Add component (AddParameter): Name = "MPN"; Value = "GRM31CR61A476ME15L"; VariantName = "[No Variations]"
Add component (AddParameter): Name = "Package"; Value = "1206"; VariantName = "[No Variations]"
Add component (AddParameter): Name = "Supplier 1"; Value = "Mouser"; VariantName = "[No Variations]"
Add component (AddParameter): Name = "Supplier Part Number 1"; Value = "81-GRM31CR61A476ME5L"; VariantName = "[No Variations]"
Add component (AddParameter): Name = "Tolerance"; Value = "20%"; VariantName = "[No Variations]"
Add component (AddParameter): Name = "Value"; Value = "47µF"; VariantName = "[No Variations]"
Add component (AddParameter): Name = "Voltage"; Value = "10V"; VariantName = "[No Variations]"
Added Component: Designator=C21(C_1206)
Add component (AddParameter): Name = "Created"; Value = ""; VariantName = "[No Variations]"
Add component (AddParameter): Name = "Dielectric"; Value = "X5R"; VariantName = "[No Variations]"
Add component (AddParameter): Name = "MF"; Value = "Murata Electronics"; VariantName = "[No Variations]"
Add component (AddParameter): Name = "MPN"; Value = "GRM31CR61A476ME15L"; VariantName = "[No Variations]"
Add component (AddParameter): Name = "Package"; Value = "1206"; VariantName = "[No Variations]"
Add component (AddParameter): Name = "Supplier 1"; Value = "Mouser"; VariantName = "[No Variations]"
Add component (AddParameter): Name = "Supplier Part Number 1"; Value = "81-GRM31CR61A476ME5L"; VariantName = "[No Variations]"
Add component (AddParameter): Name = "Tolerance"; Value = "20%"; VariantName = "[No Variations]"
Add component (AddParameter): Name = "Value"; Value = "47µF"; VariantName = "[No Variations]"
Add component (AddParameter): Name = "Voltage"; Value = "10V"; VariantName = "[No Variations]"
Added Component: Designator=C22(C_1206)
Add component (AddParameter): Name = "Created"; Value = ""; VariantName = "[No Variations]"
Add component (AddParameter): Name = "Dielectric"; Value = "C0G"; VariantName = "[No Variations]"
Add component (AddParameter): Name = "MF"; Value = "Murata Electronics"; VariantName = "[No Variations]"
Add component (AddParameter): Name = "MPN"; Value = "GRM3195C1H273JA01D"; VariantName = "[No Variations]"
Add component (AddParameter): Name = "Package"; Value = "1206"; VariantName = "[No Variations]"
Add component (AddParameter): Name = "Supplier 1"; Value = "Mouser"; VariantName = "[No Variations]"
Add component (AddParameter): Name = "Supplier Part Number 1"; Value = "81-GRM315C1H273JA01D"; VariantName = "[No Variations]"
Add component (AddParameter): Name = "Tolerance"; Value = "5%"; VariantName = "[No Variations]"
Add component (AddParameter): Name = "Value"; Value = "0.027µF"; VariantName = "[No Variations]"
Add component (AddParameter): Name = "Voltage"; Value = "50V"; VariantName = "[No Variations]"
Added Component: Designator=C23(CAPC1608X07N)
Add component (AddParameter): Name = "Dielectric"; Value = "X5R"; VariantName = "[No Variations]"
Add component (AddParameter): Name = "MF"; Value = "Würth"; VariantName = "[No Variations]"
Add component (AddParameter): Name = "MPN"; Value = "885012106022"; VariantName = "[No Variations]"
Add component (AddParameter): Name = "Package"; Value = "0603"; VariantName = "[No Variations]"
Add component (AddParameter): Name = "Supplier 1"; Value = "Mouser"; VariantName = "[No Variations]"
Add component (AddParameter): Name = "Supplier 2"; Value = "Digi-Key"; VariantName = "[No Variations]"
Add component (AddParameter): Name = "Supplier Part Number 1"; Value = "710-885012106022"; VariantName = "[No Variations]"
Add component (AddParameter): Name = "Supplier Part Number 2"; Value = "732-7919-1-ND"; VariantName = "[No Variations]"
Add component (AddParameter): Name = "Value"; Value = "1u"; VariantName = "[No Variations]"
Add component (AddParameter): Name = "Voltage"; Value = "25V"; VariantName = "[No Variations]"
Added Component: Designator=C24(CAPC1608X07N)
Add component (AddParameter): Name = "Dielectric"; Value = "C0G"; VariantName = "[No Variations]"
Add component (AddParameter): Name = "MF"; Value = "Vishay"; VariantName = "[No Variations]"
Add component (AddParameter): Name = "MPN"; Value = "VJ0603A560JXACW1BC"; VariantName = "[No Variations]"
Add component (AddParameter): Name = "Package"; Value = "0603"; VariantName = "[No Variations]"
Add component (AddParameter): Name = "Supplier 1"; Value = "Mouser"; VariantName = "[No Variations]"
Add component (AddParameter): Name = "Supplier 2"; Value = ""; VariantName = "[No Variations]"
Add component (AddParameter): Name = "Supplier Part Number 1"; Value = "77-VJ0603A560JXACBC"; VariantName = "[No Variations]"
Add component (AddParameter): Name = "Supplier Part Number 2"; Value = ""; VariantName = "[No Variations]"
Add component (AddParameter): Name = "Value"; Value = "56pF"; VariantName = "[No Variations]"
Add component (AddParameter): Name = "Voltage"; Value = "50V"; VariantName = "[No Variations]"
Added Component: Designator=C25(CAPC1608X07N)
Add component (AddParameter): Name = "Dielectric"; Value = "C0G"; VariantName = "[No Variations]"
Add component (AddParameter): Name = "MF"; Value = "Vishay"; VariantName = "[No Variations]"
Add component (AddParameter): Name = "MPN"; Value = "VJ0603A560JXACW1BC"; VariantName = "[No Variations]"
Add component (AddParameter): Name = "Package"; Value = "0603"; VariantName = "[No Variations]"
Add component (AddParameter): Name = "Supplier 1"; Value = "Mouser"; VariantName = "[No Variations]"
Add component (AddParameter): Name = "Supplier 2"; Value = ""; VariantName = "[No Variations]"
Add component (AddParameter): Name = "Supplier Part Number 1"; Value = "77-VJ0603A560JXACBC"; VariantName = "[No Variations]"
Add component (AddParameter): Name = "Supplier Part Number 2"; Value = ""; VariantName = "[No Variations]"
Add component (AddParameter): Name = "Value"; Value = "56pF"; VariantName = "[No Variations]"
Add component (AddParameter): Name = "Voltage"; Value = "50V"; VariantName = "[No Variations]"
Added Component: Designator=C26(CAPC1608X07N)
Add component (AddParameter): Name = "Dielectric"; Value = "X7R"; VariantName = "[No Variations]"
Add component (AddParameter): Name = "MF"; Value = "Würth"; VariantName = "[No Variations]"
Add component (AddParameter): Name = "MPN"; Value = "885012206071"; VariantName = "[No Variations]"
Add component (AddParameter): Name = "Package"; Value = "0603"; VariantName = "[No Variations]"
Add component (AddParameter): Name = "Supplier 1"; Value = "Mouser"; VariantName = "[No Variations]"
Add component (AddParameter): Name = "Supplier 2"; Value = ""; VariantName = "[No Variations]"
Add component (AddParameter): Name = "Supplier Part Number 1"; Value = "710-885012206071"; VariantName = "[No Variations]"
Add component (AddParameter): Name = "Supplier Part Number 2"; Value = ""; VariantName = "[No Variations]"
Add component (AddParameter): Name = "Value"; Value = "100nF"; VariantName = "[No Variations]"
Add component (AddParameter): Name = "Voltage"; Value = "25V"; VariantName = "[No Variations]"
Added Component: Designator=C27(CAPC1608X07N)
Add component (AddParameter): Name = "Dielectric"; Value = "X7R"; VariantName = "[No Variations]"
Add component (AddParameter): Name = "MF"; Value = "Würth"; VariantName = "[No Variations]"
Add component (AddParameter): Name = "MPN"; Value = "885012206071"; VariantName = "[No Variations]"
Add component (AddParameter): Name = "Package"; Value = "0603"; VariantName = "[No Variations]"
Add component (AddParameter): Name = "Supplier 1"; Value = "Mouser"; VariantName = "[No Variations]"
Add component (AddParameter): Name = "Supplier 2"; Value = ""; VariantName = "[No Variations]"
Add component (AddParameter): Name = "Supplier Part Number 1"; Value = "710-885012206071"; VariantName = "[No Variations]"
Add component (AddParameter): Name = "Supplier Part Number 2"; Value = ""; VariantName = "[No Variations]"
Add component (AddParameter): Name = "Value"; Value = "100nF"; VariantName = "[No Variations]"
Add component (AddParameter): Name = "Voltage"; Value = "25V"; VariantName = "[No Variations]"
Added Component: Designator=C28(CAPC1608X07N)
Add component (AddParameter): Name = "Dielectric"; Value = "X7R"; VariantName = "[No Variations]"
Add component (AddParameter): Name = "MF"; Value = "Würth"; VariantName = "[No Variations]"
Add component (AddParameter): Name = "MPN"; Value = "885012206071"; VariantName = "[No Variations]"
Add component (AddParameter): Name = "Package"; Value = "0603"; VariantName = "[No Variations]"
Add component (AddParameter): Name = "Supplier 1"; Value = "Mouser"; VariantName = "[No Variations]"
Add component (AddParameter): Name = "Supplier 2"; Value = ""; VariantName = "[No Variations]"
Add component (AddParameter): Name = "Supplier Part Number 1"; Value = "710-885012206071"; VariantName = "[No Variations]"
Add component (AddParameter): Name = "Supplier Part Number 2"; Value = ""; VariantName = "[No Variations]"
Add component (AddParameter): Name = "Value"; Value = "100nF"; VariantName = "[No Variations]"
Add component (AddParameter): Name = "Voltage"; Value = "25V"; VariantName = "[No Variations]"
Added Component: Designator=C29(CAPC1608X07N)
Add component (AddParameter): Name = "Dielectric"; Value = "X7R"; VariantName = "[No Variations]"
Add component (AddParameter): Name = "MF"; Value = "Würth"; VariantName = "[No Variations]"
Add component (AddParameter): Name = "MPN"; Value = "885012206071"; VariantName = "[No Variations]"
Add component (AddParameter): Name = "Package"; Value = "0603"; VariantName = "[No Variations]"
Add component (AddParameter): Name = "Supplier 1"; Value = "Mouser"; VariantName = "[No Variations]"
Add component (AddParameter): Name = "Supplier 2"; Value = ""; VariantName = "[No Variations]"
Add component (AddParameter): Name = "Supplier Part Number 1"; Value = "710-885012206071"; VariantName = "[No Variations]"
Add component (AddParameter): Name = "Supplier Part Number 2"; Value = ""; VariantName = "[No Variations]"
Add component (AddParameter): Name = "Value"; Value = "100nF"; VariantName = "[No Variations]"
Add component (AddParameter): Name = "Voltage"; Value = "25V"; VariantName = "[No Variations]"
Added Component: Designator=C30(CAPC1608X07N)
Add component (AddParameter): Name = "Dielectric"; Value = "X7R"; VariantName = "[No Variations]"
Add component (AddParameter): Name = "MF"; Value = "Würth"; VariantName = "[No Variations]"
Add component (AddParameter): Name = "MPN"; Value = "885012206071"; VariantName = "[No Variations]"
Add component (AddParameter): Name = "Package"; Value = "0603"; VariantName = "[No Variations]"
Add component (AddParameter): Name = "Supplier 1"; Value = "Mouser"; VariantName = "[No Variations]"
Add component (AddParameter): Name = "Supplier 2"; Value = ""; VariantName = "[No Variations]"
Add component (AddParameter): Name = "Supplier Part Number 1"; Value = "710-885012206071"; VariantName = "[No Variations]"
Add component (AddParameter): Name = "Supplier Part Number 2"; Value = ""; VariantName = "[No Variations]"
Add component (AddParameter): Name = "Value"; Value = "100nF"; VariantName = "[No Variations]"
Add component (AddParameter): Name = "Voltage"; Value = "25V"; VariantName = "[No Variations]"
Added Component: Designator=C31(CAPC1608X07N)
Add component (AddParameter): Name = "Dielectric"; Value = "X7R"; VariantName = "[No Variations]"
Add component (AddParameter): Name = "MF"; Value = "Würth"; VariantName = "[No Variations]"
Add component (AddParameter): Name = "MPN"; Value = "885012206071"; VariantName = "[No Variations]"
Add component (AddParameter): Name = "Package"; Value = "0603"; VariantName = "[No Variations]"
Add component (AddParameter): Name = "Supplier 1"; Value = "Mouser"; VariantName = "[No Variations]"
Add component (AddParameter): Name = "Supplier 2"; Value = ""; VariantName = "[No Variations]"
Add component (AddParameter): Name = "Supplier Part Number 1"; Value = "710-885012206071"; VariantName = "[No Variations]"
Add component (AddParameter): Name = "Supplier Part Number 2"; Value = ""; VariantName = "[No Variations]"
Add component (AddParameter): Name = "Value"; Value = "100nF"; VariantName = "[No Variations]"
Add component (AddParameter): Name = "Voltage"; Value = "25V"; VariantName = "[No Variations]"
Added Component: Designator=C32(CAPC1608X07N)
Add component (AddParameter): Name = "Dielectric"; Value = "X7R"; VariantName = "[No Variations]"
Add component (AddParameter): Name = "MF"; Value = "Würth"; VariantName = "[No Variations]"
Add component (AddParameter): Name = "MPN"; Value = "885012206071"; VariantName = "[No Variations]"
Add component (AddParameter): Name = "Package"; Value = "0603"; VariantName = "[No Variations]"
Add component (AddParameter): Name = "Supplier 1"; Value = "Mouser"; VariantName = "[No Variations]"
Add component (AddParameter): Name = "Supplier 2"; Value = ""; VariantName = "[No Variations]"
Add component (AddParameter): Name = "Supplier Part Number 1"; Value = "710-885012206071"; VariantName = "[No Variations]"
Add component (AddParameter): Name = "Supplier Part Number 2"; Value = ""; VariantName = "[No Variations]"
Add component (AddParameter): Name = "Value"; Value = "100nF"; VariantName = "[No Variations]"
Add component (AddParameter): Name = "Voltage"; Value = "25V"; VariantName = "[No Variations]"
Added Component: Designator=C33(CAPC1608X07N)
Add component (AddParameter): Name = "Dielectric"; Value = "X7R"; VariantName = "[No Variations]"
Add component (AddParameter): Name = "MF"; Value = "Würth"; VariantName = "[No Variations]"
Add component (AddParameter): Name = "MPN"; Value = "885012206071"; VariantName = "[No Variations]"
Add component (AddParameter): Name = "Package"; Value = "0603"; VariantName = "[No Variations]"
Add component (AddParameter): Name = "Supplier 1"; Value = "Mouser"; VariantName = "[No Variations]"
Add component (AddParameter): Name = "Supplier 2"; Value = ""; VariantName = "[No Variations]"
Add component (AddParameter): Name = "Supplier Part Number 1"; Value = "710-885012206071"; VariantName = "[No Variations]"
Add component (AddParameter): Name = "Supplier Part Number 2"; Value = ""; VariantName = "[No Variations]"
Add component (AddParameter): Name = "Value"; Value = "100nF"; VariantName = "[No Variations]"
Add component (AddParameter): Name = "Voltage"; Value = "25V"; VariantName = "[No Variations]"
Added Component: Designator=C34(CAPC1608X07N)
Add component (AddParameter): Name = "Dielectric"; Value = "X7R"; VariantName = "[No Variations]"
Add component (AddParameter): Name = "MF"; Value = "Würth"; VariantName = "[No Variations]"
Add component (AddParameter): Name = "MPN"; Value = "885012206071"; VariantName = "[No Variations]"
Add component (AddParameter): Name = "Package"; Value = "0603"; VariantName = "[No Variations]"
Add component (AddParameter): Name = "Supplier 1"; Value = "Mouser"; VariantName = "[No Variations]"
Add component (AddParameter): Name = "Supplier 2"; Value = ""; VariantName = "[No Variations]"
Add component (AddParameter): Name = "Supplier Part Number 1"; Value = "710-885012206071"; VariantName = "[No Variations]"
Add component (AddParameter): Name = "Supplier Part Number 2"; Value = ""; VariantName = "[No Variations]"
Add component (AddParameter): Name = "Value"; Value = "100nF"; VariantName = "[No Variations]"
Add component (AddParameter): Name = "Voltage"; Value = "25V"; VariantName = "[No Variations]"
Added Component: Designator=C35(CAPC1608X07N)
Add component (AddParameter): Name = "Dielectric"; Value = "X7R"; VariantName = "[No Variations]"
Add component (AddParameter): Name = "MF"; Value = "Würth"; VariantName = "[No Variations]"
Add component (AddParameter): Name = "MPN"; Value = "885012206071"; VariantName = "[No Variations]"
Add component (AddParameter): Name = "Package"; Value = "0603"; VariantName = "[No Variations]"
Add component (AddParameter): Name = "Supplier 1"; Value = "Mouser"; VariantName = "[No Variations]"
Add component (AddParameter): Name = "Supplier 2"; Value = ""; VariantName = "[No Variations]"
Add component (AddParameter): Name = "Supplier Part Number 1"; Value = "710-885012206071"; VariantName = "[No Variations]"
Add component (AddParameter): Name = "Supplier Part Number 2"; Value = ""; VariantName = "[No Variations]"
Add component (AddParameter): Name = "Value"; Value = "100nF"; VariantName = "[No Variations]"
Add component (AddParameter): Name = "Voltage"; Value = "25V"; VariantName = "[No Variations]"
Added Component: Designator=C36(CAPC1608X07N)
Add component (AddParameter): Name = "Dielectric"; Value = "X7R"; VariantName = "[No Variations]"
Add component (AddParameter): Name = "MF"; Value = "Würth"; VariantName = "[No Variations]"
Add component (AddParameter): Name = "MPN"; Value = "885012206071"; VariantName = "[No Variations]"
Add component (AddParameter): Name = "Package"; Value = "0603"; VariantName = "[No Variations]"
Add component (AddParameter): Name = "Supplier 1"; Value = "Mouser"; VariantName = "[No Variations]"
Add component (AddParameter): Name = "Supplier 2"; Value = ""; VariantName = "[No Variations]"
Add component (AddParameter): Name = "Supplier Part Number 1"; Value = "710-885012206071"; VariantName = "[No Variations]"
Add component (AddParameter): Name = "Supplier Part Number 2"; Value = ""; VariantName = "[No Variations]"
Add component (AddParameter): Name = "Value"; Value = "100nF"; VariantName = "[No Variations]"
Add component (AddParameter): Name = "Voltage"; Value = "25V"; VariantName = "[No Variations]"
Added Component: Designator=C37(CAPC1608X07N)
Add component (AddParameter): Name = "Dielectric"; Value = "X7R"; VariantName = "[No Variations]"
Add component (AddParameter): Name = "MF"; Value = "Würth"; VariantName = "[No Variations]"
Add component (AddParameter): Name = "MPN"; Value = "885012206071"; VariantName = "[No Variations]"
Add component (AddParameter): Name = "Package"; Value = "0603"; VariantName = "[No Variations]"
Add component (AddParameter): Name = "Supplier 1"; Value = "Mouser"; VariantName = "[No Variations]"
Add component (AddParameter): Name = "Supplier 2"; Value = ""; VariantName = "[No Variations]"
Add component (AddParameter): Name = "Supplier Part Number 1"; Value = "710-885012206071"; VariantName = "[No Variations]"
Add component (AddParameter): Name = "Supplier Part Number 2"; Value = ""; VariantName = "[No Variations]"
Add component (AddParameter): Name = "Value"; Value = "100nF"; VariantName = "[No Variations]"
Add component (AddParameter): Name = "Voltage"; Value = "25V"; VariantName = "[No Variations]"
Added Component: Designator=C38(CAPC1608X07N)
Add component (AddParameter): Name = "Dielectric"; Value = "X7R"; VariantName = "[No Variations]"
Add component (AddParameter): Name = "MF"; Value = "Würth"; VariantName = "[No Variations]"
Add component (AddParameter): Name = "MPN"; Value = "885012206071"; VariantName = "[No Variations]"
Add component (AddParameter): Name = "Package"; Value = "0603"; VariantName = "[No Variations]"
Add component (AddParameter): Name = "Supplier 1"; Value = "Mouser"; VariantName = "[No Variations]"
Add component (AddParameter): Name = "Supplier 2"; Value = ""; VariantName = "[No Variations]"
Add component (AddParameter): Name = "Supplier Part Number 1"; Value = "710-885012206071"; VariantName = "[No Variations]"
Add component (AddParameter): Name = "Supplier Part Number 2"; Value = ""; VariantName = "[No Variations]"
Add component (AddParameter): Name = "Value"; Value = "100nF"; VariantName = "[No Variations]"
Add component (AddParameter): Name = "Voltage"; Value = "25V"; VariantName = "[No Variations]"
Added Component: Designator=C39(CAPC1608X07N)
Add component (AddParameter): Name = "Dielectric"; Value = "X7R"; VariantName = "[No Variations]"
Add component (AddParameter): Name = "MF"; Value = "Würth"; VariantName = "[No Variations]"
Add component (AddParameter): Name = "MPN"; Value = "885012206071"; VariantName = "[No Variations]"
Add component (AddParameter): Name = "Package"; Value = "0603"; VariantName = "[No Variations]"
Add component (AddParameter): Name = "Supplier 1"; Value = "Mouser"; VariantName = "[No Variations]"
Add component (AddParameter): Name = "Supplier 2"; Value = ""; VariantName = "[No Variations]"
Add component (AddParameter): Name = "Supplier Part Number 1"; Value = "710-885012206071"; VariantName = "[No Variations]"
Add component (AddParameter): Name = "Supplier Part Number 2"; Value = ""; VariantName = "[No Variations]"
Add component (AddParameter): Name = "Value"; Value = "100nF"; VariantName = "[No Variations]"
Add component (AddParameter): Name = "Voltage"; Value = "25V"; VariantName = "[No Variations]"
Added Component: Designator=C40(CAPC1608X07N)
Add component (AddParameter): Name = "Dielectric"; Value = "X7R"; VariantName = "[No Variations]"
Add component (AddParameter): Name = "MF"; Value = "Würth"; VariantName = "[No Variations]"
Add component (AddParameter): Name = "MPN"; Value = "885012206071"; VariantName = "[No Variations]"
Add component (AddParameter): Name = "Package"; Value = "0603"; VariantName = "[No Variations]"
Add component (AddParameter): Name = "Supplier 1"; Value = "Mouser"; VariantName = "[No Variations]"
Add component (AddParameter): Name = "Supplier 2"; Value = ""; VariantName = "[No Variations]"
Add component (AddParameter): Name = "Supplier Part Number 1"; Value = "710-885012206071"; VariantName = "[No Variations]"
Add component (AddParameter): Name = "Supplier Part Number 2"; Value = ""; VariantName = "[No Variations]"
Add component (AddParameter): Name = "Value"; Value = "100nF"; VariantName = "[No Variations]"
Add component (AddParameter): Name = "Voltage"; Value = "25V"; VariantName = "[No Variations]"
Added Component: Designator=C41(CAPC1608X07N)
Add component (AddParameter): Name = "Dielectric"; Value = "X7R"; VariantName = "[No Variations]"
Add component (AddParameter): Name = "MF"; Value = "Würth"; VariantName = "[No Variations]"
Add component (AddParameter): Name = "MPN"; Value = "885012206071"; VariantName = "[No Variations]"
Add component (AddParameter): Name = "Package"; Value = "0603"; VariantName = "[No Variations]"
Add component (AddParameter): Name = "Supplier 1"; Value = "Mouser"; VariantName = "[No Variations]"
Add component (AddParameter): Name = "Supplier 2"; Value = ""; VariantName = "[No Variations]"
Add component (AddParameter): Name = "Supplier Part Number 1"; Value = "710-885012206071"; VariantName = "[No Variations]"
Add component (AddParameter): Name = "Supplier Part Number 2"; Value = ""; VariantName = "[No Variations]"
Add component (AddParameter): Name = "Value"; Value = "100nF"; VariantName = "[No Variations]"
Add component (AddParameter): Name = "Voltage"; Value = "25V"; VariantName = "[No Variations]"
Added Component: Designator=D1(DIOM4227X23N)
Add component (AddParameter): Name = "Forward Voltage"; Value = "750mV"; VariantName = "[No Variations]"
Add component (AddParameter): Name = "MF"; Value = "Vishay"; VariantName = "[No Variations]"
Add component (AddParameter): Name = "MPN"; Value = "BYS12-90-E3/TR3"; VariantName = "[No Variations]"
Add component (AddParameter): Name = "Package"; Value = "DO-214AC"; VariantName = "[No Variations]"
Add component (AddParameter): Name = "Rated Current"; Value = "1.5A"; VariantName = "[No Variations]"
Add component (AddParameter): Name = "Reverse Voltage"; Value = "90V"; VariantName = "[No Variations]"
Add component (AddParameter): Name = "Supplier 1"; Value = "Farnell"; VariantName = "[No Variations]"
Add component (AddParameter): Name = "Supplier 2"; Value = "Mouser"; VariantName = "[No Variations]"
Add component (AddParameter): Name = "Supplier 3"; Value = "Digi-Key"; VariantName = "[No Variations]"
Add component (AddParameter): Name = "Supplier Part Number 1"; Value = "2889144"; VariantName = "[No Variations]"
Add component (AddParameter): Name = "Supplier Part Number 2"; Value = "625-BYS12-90-E3/TR3"; VariantName = "[No Variations]"
Add component (AddParameter): Name = "Supplier Part Number 3"; Value = "BYS12-90-E3/GICT-ND"; VariantName = "[No Variations]"
Added Component: Designator=D2(DIOM4227X23N)
Add component (AddParameter): Name = "Forward Voltage"; Value = "750mV"; VariantName = "[No Variations]"
Add component (AddParameter): Name = "MF"; Value = "Vishay"; VariantName = "[No Variations]"
Add component (AddParameter): Name = "MPN"; Value = "BYS12-90-E3/TR3"; VariantName = "[No Variations]"
Add component (AddParameter): Name = "Package"; Value = "DO-214AC"; VariantName = "[No Variations]"
Add component (AddParameter): Name = "Rated Current"; Value = "1.5A"; VariantName = "[No Variations]"
Add component (AddParameter): Name = "Reverse Voltage"; Value = "90V"; VariantName = "[No Variations]"
Add component (AddParameter): Name = "Supplier 1"; Value = "Farnell"; VariantName = "[No Variations]"
Add component (AddParameter): Name = "Supplier 2"; Value = "Mouser"; VariantName = "[No Variations]"
Add component (AddParameter): Name = "Supplier 3"; Value = "Digi-Key"; VariantName = "[No Variations]"
Add component (AddParameter): Name = "Supplier Part Number 1"; Value = "2889144"; VariantName = "[No Variations]"
Add component (AddParameter): Name = "Supplier Part Number 2"; Value = "625-BYS12-90-E3/TR3"; VariantName = "[No Variations]"
Add component (AddParameter): Name = "Supplier Part Number 3"; Value = "BYS12-90-E3/GICT-ND"; VariantName = "[No Variations]"
Added Component: Designator=J1(PHOE-1725656-2)
Add component (AddParameter): Name = "Approvals"; Value = "UL,CSA,cULus"; VariantName = "[No Variations]"
Add component (AddParameter): Name = "Category"; Value = "Terminal Blocks"; VariantName = "[No Variations]"
Add component (AddParameter): Name = "Color"; Value = "Green"; VariantName = "[No Variations]"
Add component (AddParameter): Name = "ComponentLink1Description"; Value = "https://datasheet.ciiva.com/823/1725656-823793.pdf?src-supplier=Digi-Key"; VariantName = "[No Variations]"
Add component (AddParameter): Name = "ComponentLink1URL"; Value = "https://datasheet.ciiva.com/823/1725656-823793.pdf?src-supplier=Digi-Key"; VariantName = "[No Variations]"
Add component (AddParameter): Name = "ComponentLink2Description"; Value = "https://datasheet.ciiva.com/16071/1725656-16071846.pdf?src-supplier=Onlinecomponents.com"; VariantName = "[No Variations]"
Add component (AddParameter): Name = "ComponentLink2URL"; Value = "https://datasheet.ciiva.com/16071/1725656-16071846.pdf?src-supplier=Onlinecomponents.com"; VariantName = "[No Variations]"
Add component (AddParameter): Name = "ComponentLink3Description"; Value = "https://datasheet.ciiva.com/1120/319957-1120510.pdf?src-supplier=Farnell"; VariantName = "[No Variations]"
Add component (AddParameter): Name = "ComponentLink3URL"; Value = "https://datasheet.ciiva.com/1120/319957-1120510.pdf?src-supplier=Farnell"; VariantName = "[No Variations]"
Add component (AddParameter): Name = "ComponentLink4Description"; Value = "https://datasheet.ciiva.com/15169/getdatasheetpartid-199323-15169849.pdf?src-supplier=Verical"; VariantName = "[No Variations]"
Add component (AddParameter): Name = "ComponentLink4URL"; Value = "https://datasheet.ciiva.com/15169/getdatasheetpartid-199323-15169849.pdf?src-supplier=Verical"; VariantName = "[No Variations]"
Add component (AddParameter): Name = "ComponentLink5Description"; Value = "https://datasheet.ciiva.com/26340/788052-da-01-en-100ntklemme-1725656-250-st-26340907.pdf?src-supplier=Conrad"; VariantName = "[No Variations]"
Add component (AddParameter): Name = "ComponentLink5URL"; Value = "https://datasheet.ciiva.com/26340/788052-da-01-en-100ntklemme-1725656-250-st-26340907.pdf?src-supplier=Conrad"; VariantName = "[No Variations]"
Add component (AddParameter): Name = "Connector Type"; Value = "Screw,PCB,Terminal Block"; VariantName = "[No Variations]"
Add component (AddParameter): Name = "Contact Material"; Value = "Tin"; VariantName = "[No Variations]"
Add component (AddParameter): Name = "Current"; Value = "6A"; VariantName = "[No Variations]"
Add component (AddParameter): Name = "Current Rating"; Value = "6A"; VariantName = "[No Variations]"
Add component (AddParameter): Name = "Depth"; Value = "6.2mm"; VariantName = "[No Variations]"
Add component (AddParameter): Name = "Flammability Rating"; Value = "UL94 V-0"; VariantName = "[No Variations]"
Add component (AddParameter): Name = "Height"; Value = "6.2mm"; VariantName = "[No Variations]"
Add component (AddParameter): Name = "Housing Color"; Value = "Green"; VariantName = "[No Variations]"
Add component (AddParameter): Name = "Housing Material"; Value = "Polyamide"; VariantName = "[No Variations]"
Add component (AddParameter): Name = "Insulation Material"; Value = "Nylon"; VariantName = "[No Variations]"
Add component (AddParameter): Name = "Lead Free"; Value = "Lead Free"; VariantName = "[No Variations]"
Add component (AddParameter): Name = "Length"; Value = "5.54mm"; VariantName = "[No Variations]"
Add component (AddParameter): Name = "Manufacturer"; Value = "Phoenix Contact"; VariantName = "[No Variations]"
Add component (AddParameter): Name = "Manufacturer Part Number"; Value = "1725656"; VariantName = "[No Variations]"
Add component (AddParameter): Name = "Max Current Rating"; Value = "6A"; VariantName = "[No Variations]"
Add component (AddParameter): Name = "Max Supply Voltage"; Value = "63V"; VariantName = "[No Variations]"
Add component (AddParameter): Name = "Mount"; Value = "Through Hole"; VariantName = "[No Variations]"
Add component (AddParameter): Name = "Number of Circuits"; Value = "2"; VariantName = "[No Variations]"
Add component (AddParameter): Name = "Number of Contacts"; Value = "2"; VariantName = "[No Variations]"
Add component (AddParameter): Name = "Number of Levels"; Value = "1"; VariantName = "[No Variations]"
Add component (AddParameter): Name = "Number of Pins"; Value = "2"; VariantName = "[No Variations]"
Add component (AddParameter): Name = "Number of Poles"; Value = "2"; VariantName = "[No Variations]"
Add component (AddParameter): Name = "Number of Positions"; Value = "2"; VariantName = "[No Variations]"
Add component (AddParameter): Name = "Number of Positions Per Level"; Value = "2"; VariantName = "[No Variations]"
Add component (AddParameter): Name = "Number of Rows"; Value = "1"; VariantName = "[No Variations]"
Add component (AddParameter): Name = "Orientation"; Value = "Straight"; VariantName = "[No Variations]"
Add component (AddParameter): Name = "Package Quantity"; Value = "50"; VariantName = "[No Variations]"
Add component (AddParameter): Name = "Packaging"; Value = "Bulk"; VariantName = "[No Variations]"
Add component (AddParameter): Name = "Pitch"; Value = "2.54mm"; VariantName = "[No Variations]"
Add component (AddParameter): Name = "Radiation Hardening"; Value = "No"; VariantName = "[No Variations]"
Add component (AddParameter): Name = "REACH SVHC"; Value = "No SVHC"; VariantName = "[No Variations]"
Add component (AddParameter): Name = "RoHS"; Value = "Yes"; VariantName = "[No Variations]"
Add component (AddParameter): Name = "Stock 1"; Value = "6749"; VariantName = "[No Variations]"
Add component (AddParameter): Name = "Stripping Length"; Value = "4.5mm"; VariantName = "[No Variations]"
Add component (AddParameter): Name = "Supplier 1"; Value = "Mouser"; VariantName = "[No Variations]"
Add component (AddParameter): Name = "Supplier Part Number 1"; Value = "651-1725656"; VariantName = "[No Variations]"
Add component (AddParameter): Name = "Termination"; Value = "Solder"; VariantName = "[No Variations]"
Add component (AddParameter): Name = "Voltage"; Value = "125V"; VariantName = "[No Variations]"
Add component (AddParameter): Name = "Voltage Rating"; Value = "125V"; VariantName = "[No Variations]"
Add component (AddParameter): Name = "Weight"; Value = "0.022575oz"; VariantName = "[No Variations]"
Add component (AddParameter): Name = "Width"; Value = "12mm"; VariantName = "[No Variations]"
Add component (AddParameter): Name = "Wire Gauge (Max)"; Value = "26AWG"; VariantName = "[No Variations]"
Add component (AddParameter): Name = "Wire Gauge (Min)"; Value = "20AWG"; VariantName = "[No Variations]"
Add component (AddParameter): Name = "Wire/Cable Gauge"; Value = "26AWG"; VariantName = "[No Variations]"
Added Component: Designator=J2(PHOE-1725656-2)
Add component (AddParameter): Name = "Approvals"; Value = "UL,CSA,cULus"; VariantName = "[No Variations]"
Add component (AddParameter): Name = "Category"; Value = "Terminal Blocks"; VariantName = "[No Variations]"
Add component (AddParameter): Name = "Color"; Value = "Green"; VariantName = "[No Variations]"
Add component (AddParameter): Name = "ComponentLink1Description"; Value = "https://datasheet.ciiva.com/823/1725656-823793.pdf?src-supplier=Digi-Key"; VariantName = "[No Variations]"
Add component (AddParameter): Name = "ComponentLink1URL"; Value = "https://datasheet.ciiva.com/823/1725656-823793.pdf?src-supplier=Digi-Key"; VariantName = "[No Variations]"
Add component (AddParameter): Name = "ComponentLink2Description"; Value = "https://datasheet.ciiva.com/16071/1725656-16071846.pdf?src-supplier=Onlinecomponents.com"; VariantName = "[No Variations]"
Add component (AddParameter): Name = "ComponentLink2URL"; Value = "https://datasheet.ciiva.com/16071/1725656-16071846.pdf?src-supplier=Onlinecomponents.com"; VariantName = "[No Variations]"
Add component (AddParameter): Name = "ComponentLink3Description"; Value = "https://datasheet.ciiva.com/1120/319957-1120510.pdf?src-supplier=Farnell"; VariantName = "[No Variations]"
Add component (AddParameter): Name = "ComponentLink3URL"; Value = "https://datasheet.ciiva.com/1120/319957-1120510.pdf?src-supplier=Farnell"; VariantName = "[No Variations]"
Add component (AddParameter): Name = "ComponentLink4Description"; Value = "https://datasheet.ciiva.com/15169/getdatasheetpartid-199323-15169849.pdf?src-supplier=Verical"; VariantName = "[No Variations]"
Add component (AddParameter): Name = "ComponentLink4URL"; Value = "https://datasheet.ciiva.com/15169/getdatasheetpartid-199323-15169849.pdf?src-supplier=Verical"; VariantName = "[No Variations]"
Add component (AddParameter): Name = "ComponentLink5Description"; Value = "https://datasheet.ciiva.com/26340/788052-da-01-en-100ntklemme-1725656-250-st-26340907.pdf?src-supplier=Conrad"; VariantName = "[No Variations]"
Add component (AddParameter): Name = "ComponentLink5URL"; Value = "https://datasheet.ciiva.com/26340/788052-da-01-en-100ntklemme-1725656-250-st-26340907.pdf?src-supplier=Conrad"; VariantName = "[No Variations]"
Add component (AddParameter): Name = "Connector Type"; Value = "Screw,PCB,Terminal Block"; VariantName = "[No Variations]"
Add component (AddParameter): Name = "Contact Material"; Value = "Tin"; VariantName = "[No Variations]"
Add component (AddParameter): Name = "Current"; Value = "6A"; VariantName = "[No Variations]"
Add component (AddParameter): Name = "Current Rating"; Value = "6A"; VariantName = "[No Variations]"
Add component (AddParameter): Name = "Depth"; Value = "6.2mm"; VariantName = "[No Variations]"
Add component (AddParameter): Name = "Flammability Rating"; Value = "UL94 V-0"; VariantName = "[No Variations]"
Add component (AddParameter): Name = "Height"; Value = "6.2mm"; VariantName = "[No Variations]"
Add component (AddParameter): Name = "Housing Color"; Value = "Green"; VariantName = "[No Variations]"
Add component (AddParameter): Name = "Housing Material"; Value = "Polyamide"; VariantName = "[No Variations]"
Add component (AddParameter): Name = "Insulation Material"; Value = "Nylon"; VariantName = "[No Variations]"
Add component (AddParameter): Name = "Lead Free"; Value = "Lead Free"; VariantName = "[No Variations]"
Add component (AddParameter): Name = "Length"; Value = "5.54mm"; VariantName = "[No Variations]"
Add component (AddParameter): Name = "Manufacturer"; Value = "Phoenix Contact"; VariantName = "[No Variations]"
Add component (AddParameter): Name = "Manufacturer Part Number"; Value = "1725656"; VariantName = "[No Variations]"
Add component (AddParameter): Name = "Max Current Rating"; Value = "6A"; VariantName = "[No Variations]"
Add component (AddParameter): Name = "Max Supply Voltage"; Value = "63V"; VariantName = "[No Variations]"
Add component (AddParameter): Name = "Mount"; Value = "Through Hole"; VariantName = "[No Variations]"
Add component (AddParameter): Name = "Number of Circuits"; Value = "2"; VariantName = "[No Variations]"
Add component (AddParameter): Name = "Number of Contacts"; Value = "2"; VariantName = "[No Variations]"
Add component (AddParameter): Name = "Number of Levels"; Value = "1"; VariantName = "[No Variations]"
Add component (AddParameter): Name = "Number of Pins"; Value = "2"; VariantName = "[No Variations]"
Add component (AddParameter): Name = "Number of Poles"; Value = "2"; VariantName = "[No Variations]"
Add component (AddParameter): Name = "Number of Positions"; Value = "2"; VariantName = "[No Variations]"
Add component (AddParameter): Name = "Number of Positions Per Level"; Value = "2"; VariantName = "[No Variations]"
Add component (AddParameter): Name = "Number of Rows"; Value = "1"; VariantName = "[No Variations]"
Add component (AddParameter): Name = "Orientation"; Value = "Straight"; VariantName = "[No Variations]"
Add component (AddParameter): Name = "Package Quantity"; Value = "50"; VariantName = "[No Variations]"
Add component (AddParameter): Name = "Packaging"; Value = "Bulk"; VariantName = "[No Variations]"
Add component (AddParameter): Name = "Pitch"; Value = "2.54mm"; VariantName = "[No Variations]"
Add component (AddParameter): Name = "Radiation Hardening"; Value = "No"; VariantName = "[No Variations]"
Add component (AddParameter): Name = "REACH SVHC"; Value = "No SVHC"; VariantName = "[No Variations]"
Add component (AddParameter): Name = "RoHS"; Value = "Yes"; VariantName = "[No Variations]"
Add component (AddParameter): Name = "Stock 1"; Value = "6749"; VariantName = "[No Variations]"
Add component (AddParameter): Name = "Stripping Length"; Value = "4.5mm"; VariantName = "[No Variations]"
Add component (AddParameter): Name = "Supplier 1"; Value = "Mouser"; VariantName = "[No Variations]"
Add component (AddParameter): Name = "Supplier Part Number 1"; Value = "651-1725656"; VariantName = "[No Variations]"
Add component (AddParameter): Name = "Termination"; Value = "Solder"; VariantName = "[No Variations]"
Add component (AddParameter): Name = "Voltage"; Value = "125V"; VariantName = "[No Variations]"
Add component (AddParameter): Name = "Voltage Rating"; Value = "125V"; VariantName = "[No Variations]"
Add component (AddParameter): Name = "Weight"; Value = "0.022575oz"; VariantName = "[No Variations]"
Add component (AddParameter): Name = "Width"; Value = "12mm"; VariantName = "[No Variations]"
Add component (AddParameter): Name = "Wire Gauge (Max)"; Value = "26AWG"; VariantName = "[No Variations]"
Add component (AddParameter): Name = "Wire Gauge (Min)"; Value = "20AWG"; VariantName = "[No Variations]"
Add component (AddParameter): Name = "Wire/Cable Gauge"; Value = "26AWG"; VariantName = "[No Variations]"
Added Component: Designator=J3(SMTC-TSW-102-07-S-S)
Add component (AddParameter): Name = "Category"; Value = "Headers and Wire Housings"; VariantName = "[No Variations]"
Add component (AddParameter): Name = "Color"; Value = "Black"; VariantName = "[No Variations]"
Add component (AddParameter): Name = "ComponentLink1Description"; Value = "https://datasheet.ciiva.com/28366/1796313-28366300.pdf?src-supplier=Element14"; VariantName = "[No Variations]"
Add component (AddParameter): Name = "ComponentLink1URL"; Value = "https://datasheet.ciiva.com/28366/1796313-28366300.pdf?src-supplier=Element14"; VariantName = "[No Variations]"
Add component (AddParameter): Name = "ComponentLink2Description"; Value = "https://datasheet.ciiva.com/16734/htsw-th-16734222.pdf?src-supplier=Avnet+Europe"; VariantName = "[No Variations]"
Add component (AddParameter): Name = "ComponentLink2URL"; Value = "https://datasheet.ciiva.com/16734/htsw-th-16734222.pdf?src-supplier=Avnet+Europe"; VariantName = "[No Variations]"
Add component (AddParameter): Name = "Connector Type"; Value = "Male Pin"; VariantName = "[No Variations]"
Add component (AddParameter): Name = "Contact Material"; Value = "Bronze"; VariantName = "[No Variations]"
Add component (AddParameter): Name = "Contact Mating Length"; Value = "0.23inch"; VariantName = "[No Variations]"
Add component (AddParameter): Name = "Contact Plating"; Value = "Gold"; VariantName = "[No Variations]"
Add component (AddParameter): Name = "Depth"; Value = "2.54mm"; VariantName = "[No Variations]"
Add component (AddParameter): Name = "Gender"; Value = "Male"; VariantName = "[No Variations]"
Add component (AddParameter): Name = "Housing Color"; Value = "Black"; VariantName = "[No Variations]"
Add component (AddParameter): Name = "Housing Material"; Value = "Polyester"; VariantName = "[No Variations]"
Add component (AddParameter): Name = "Lead Free"; Value = "Lead Free"; VariantName = "[No Variations]"
Add component (AddParameter): Name = "Length"; Value = "5.08mm"; VariantName = "[No Variations]"
Add component (AddParameter): Name = "Manufacturer"; Value = "Samtec"; VariantName = "[No Variations]"
Add component (AddParameter): Name = "Manufacturer Part Number"; Value = "TSW-102-07-S-S"; VariantName = "[No Variations]"
Add component (AddParameter): Name = "Max Current Rating"; Value = "7.6A"; VariantName = "[No Variations]"
Add component (AddParameter): Name = "Max Operating Temperature"; Value = "125°C"; VariantName = "[No Variations]"
Add component (AddParameter): Name = "Max Voltage Rating (AC)"; Value = "550V"; VariantName = "[No Variations]"
Add component (AddParameter): Name = "Min Operating Temperature"; Value = "-55°C"; VariantName = "[No Variations]"
Add component (AddParameter): Name = "Mount"; Value = "Through Hole"; VariantName = "[No Variations]"
Add component (AddParameter): Name = "Number of Contacts"; Value = "2"; VariantName = "[No Variations]"
Add component (AddParameter): Name = "Number of Positions"; Value = "2"; VariantName = "[No Variations]"
Add component (AddParameter): Name = "Number of Rows"; Value = "1"; VariantName = "[No Variations]"
Add component (AddParameter): Name = "Orientation"; Value = "Straight"; VariantName = "[No Variations]"
Add component (AddParameter): Name = "Package Quantity"; Value = "1"; VariantName = "[No Variations]"
Add component (AddParameter): Name = "Packaging"; Value = "Bulk"; VariantName = "[No Variations]"
Add component (AddParameter): Name = "Pitch"; Value = "2.54mm"; VariantName = "[No Variations]"
Add component (AddParameter): Name = "Radiation Hardening"; Value = "No"; VariantName = "[No Variations]"
Add component (AddParameter): Name = "REACH SVHC"; Value = "No SVHC"; VariantName = "[No Variations]"
Add component (AddParameter): Name = "RoHS"; Value = "Yes"; VariantName = "[No Variations]"
Add component (AddParameter): Name = "Stock 1"; Value = "9923"; VariantName = "[No Variations]"
Add component (AddParameter): Name = "Supplier 1"; Value = "Mouser"; VariantName = "[No Variations]"
Add component (AddParameter): Name = "Supplier Part Number 1"; Value = "200-TSW10207SS"; VariantName = "[No Variations]"
Add component (AddParameter): Name = "Termination"; Value = "Solder"; VariantName = "[No Variations]"
Add component (AddParameter): Name = "Width"; Value = "2.54mm"; VariantName = "[No Variations]"
Added Component: Designator=L1(WE-CBF_0805_High Current)
Add component (AddParameter): Name = "ComponentLink1Description"; Value = "Manufacturer"; VariantName = "[No Variations]"
Add component (AddParameter): Name = "ComponentLink1URL"; Value = "http://www.we-online.de"; VariantName = "[No Variations]"
Add component (AddParameter): Name = "ComponentLink2Description"; Value = "Datasheet"; VariantName = "[No Variations]"
Add component (AddParameter): Name = "ComponentLink2URL"; Value = "http://katalog.we-online.de/pbs/datasheet/742792040.pdf"; VariantName = "[No Variations]"
Add component (AddParameter): Name = "MF"; Value = "Würth Elektronik"; VariantName = "[No Variations]"
Add component (AddParameter): Name = "MPN"; Value = "742792040"; VariantName = "[No Variations]"
Add component (AddParameter): Name = "PublishedDate"; Value = ""; VariantName = "[No Variations]"
Add component (AddParameter): Name = "Size"; Value = "0805"; VariantName = "[No Variations]"
Add component (AddParameter): Name = "Supplier 1"; Value = "Farnell"; VariantName = "[No Variations]"
Add component (AddParameter): Name = "Supplier 2"; Value = "Mouser"; VariantName = "[No Variations]"
Add component (AddParameter): Name = "Supplier 3"; Value = "Digi-Key"; VariantName = "[No Variations]"
Add component (AddParameter): Name = "Supplier Part Number 1"; Value = "2761567"; VariantName = "[No Variations]"
Add component (AddParameter): Name = "Supplier Part Number 2"; Value = "710-742792040"; VariantName = "[No Variations]"
Add component (AddParameter): Name = "Supplier Part Number 3"; Value = "732-1620-1-ND"; VariantName = "[No Variations]"
Add component (AddParameter): Name = "Type"; Value = "High Current"; VariantName = "[No Variations]"
Add component (AddParameter): Name = "Value"; Value = "600O"; VariantName = "[No Variations]"
Added Component: Designator=L2(SMT_inductor_1050_Performance)
Add component (AddParameter): Name = "DCR"; Value = "320m"; VariantName = "[No Variations]"
Add component (AddParameter): Name = "MF"; Value = "EPCOS / TDK"; VariantName = "[No Variations]"
Add component (AddParameter): Name = "MPN"; Value = "B82464G4154M"; VariantName = "[No Variations]"
Add component (AddParameter): Name = "Rated Current"; Value = "0.85 A"; VariantName = "[No Variations]"
Add component (AddParameter): Name = "Supplier 1"; Value = "Mouser"; VariantName = "[No Variations]"
Add component (AddParameter): Name = "Supplier Part Number 1"; Value = "871-B82464G4154M"; VariantName = "[No Variations]"
Add component (AddParameter): Name = "Tolerance"; Value = "20%"; VariantName = "[No Variations]"
Add component (AddParameter): Name = "Value"; Value = "150uH"; VariantName = "[No Variations]"
Added Component: Designator=L3(WE-CBF_0805_High Current)
Add component (AddParameter): Name = "ComponentLink1Description"; Value = "Manufacturer"; VariantName = "[No Variations]"
Add component (AddParameter): Name = "ComponentLink1URL"; Value = "http://www.we-online.de"; VariantName = "[No Variations]"
Add component (AddParameter): Name = "ComponentLink2Description"; Value = "Datasheet"; VariantName = "[No Variations]"
Add component (AddParameter): Name = "ComponentLink2URL"; Value = "http://katalog.we-online.de/pbs/datasheet/742792040.pdf"; VariantName = "[No Variations]"
Add component (AddParameter): Name = "MF"; Value = "Wurth Elektronik"; VariantName = "[No Variations]"
Add component (AddParameter): Name = "MPN"; Value = "742792040"; VariantName = "[No Variations]"
Add component (AddParameter): Name = "PublishedDate"; Value = ""; VariantName = "[No Variations]"
Add component (AddParameter): Name = "Size"; Value = "0805"; VariantName = "[No Variations]"
Add component (AddParameter): Name = "Supplier 1"; Value = "Farnell"; VariantName = "[No Variations]"
Add component (AddParameter): Name = "Supplier 2"; Value = "Mouser"; VariantName = "[No Variations]"
Add component (AddParameter): Name = "Supplier 3"; Value = "Digi-Key"; VariantName = "[No Variations]"
Add component (AddParameter): Name = "Supplier Part Number 1"; Value = "1635735"; VariantName = "[No Variations]"
Add component (AddParameter): Name = "Supplier Part Number 2"; Value = "710-742792040"; VariantName = "[No Variations]"
Add component (AddParameter): Name = "Supplier Part Number 3"; Value = "732-1620-1-ND"; VariantName = "[No Variations]"
Add component (AddParameter): Name = "Type"; Value = "High Current"; VariantName = "[No Variations]"
Add component (AddParameter): Name = "Value"; Value = "600O"; VariantName = "[No Variations]"
Added Component: Designator=L4(SMT_inductor_1050_Performance)
Add component (AddParameter): Name = "DCR"; Value = "320m"; VariantName = "[No Variations]"
Add component (AddParameter): Name = "MF"; Value = "EPCOS / TDK"; VariantName = "[No Variations]"
Add component (AddParameter): Name = "MPN"; Value = "B82464G4154M"; VariantName = "[No Variations]"
Add component (AddParameter): Name = "Rated Current"; Value = "0.85 A"; VariantName = "[No Variations]"
Add component (AddParameter): Name = "Supplier 1"; Value = "Mouser"; VariantName = "[No Variations]"
Add component (AddParameter): Name = "Supplier Part Number 1"; Value = "871-B82464G4154M"; VariantName = "[No Variations]"
Add component (AddParameter): Name = "Tolerance"; Value = "20%"; VariantName = "[No Variations]"
Add component (AddParameter): Name = "Value"; Value = "150uH"; VariantName = "[No Variations]"
Added Component: Designator=MH1(MH_3.4)
Added Component: Designator=MH2(MH_3.4)
Added Component: Designator=MH3(MH_3.4)
Added Component: Designator=MH4(MH_3.4)
Added Component: Designator=ProjectName1(ID_ProjectRev)
Add component (AddParameter): Name = "Created"; Value = "2018_11_23_AGeiger"; VariantName = "[No Variations]"
Add component (AddParameter): Name = "Value"; Value = "Project Name, Rev"; VariantName = "[No Variations]"
Added Component: Designator=R1(RESC1608X06N)
Add component (AddParameter): Name = "MF"; Value = "Bourns"; VariantName = "[No Variations]"
Add component (AddParameter): Name = "MPN"; Value = "CR0603-FX-1623ELF"; VariantName = "[No Variations]"
Add component (AddParameter): Name = "Package"; Value = "0603"; VariantName = "[No Variations]"
Add component (AddParameter): Name = "Supplier 1"; Value = "Mouser"; VariantName = "[No Variations]"
Add component (AddParameter): Name = "Supplier Part Number 1"; Value = "652-CR0603-FX1623ELF"; VariantName = "[No Variations]"
Add component (AddParameter): Name = "Value"; Value = "162k"; VariantName = "[No Variations]"
Added Component: Designator=R2(RESC1608X06N)
Add component (AddParameter): Name = "MF"; Value = "Yageo"; VariantName = "[No Variations]"
Add component (AddParameter): Name = "MPN"; Value = "AC0603FR-1375KL"; VariantName = "[No Variations]"
Add component (AddParameter): Name = "Package"; Value = "0603"; VariantName = "[No Variations]"
Add component (AddParameter): Name = "Supplier 1"; Value = "Mouser"; VariantName = "[No Variations]"
Add component (AddParameter): Name = "Supplier Part Number 1"; Value = "603-AC0603FR-1375KL"; VariantName = "[No Variations]"
Add component (AddParameter): Name = "Value"; Value = "75k"; VariantName = "[No Variations]"
Added Component: Designator=R3(RESC1608X06N)
Add component (AddParameter): Name = "MF"; Value = "Vishay / Dale"; VariantName = "[No Variations]"
Add component (AddParameter): Name = "MPN"; Value = "CRCW06031K00JNEAC"; VariantName = "[No Variations]"
Add component (AddParameter): Name = "Package"; Value = "0603"; VariantName = "[No Variations]"
Add component (AddParameter): Name = "Supplier 1"; Value = "Mouser"; VariantName = "[No Variations]"
Add component (AddParameter): Name = "Supplier Part Number 1"; Value = "71-CRCW06031K00JNEAC"; VariantName = "[No Variations]"
Add component (AddParameter): Name = "Tolerance"; Value = "5%"; VariantName = "[No Variations]"
Add component (AddParameter): Name = "Value"; Value = "1k"; VariantName = "[No Variations]"
Added Component: Designator=R4(RESC1608X06N)
Add component (AddParameter): Name = "MF"; Value = "Bourns"; VariantName = "[No Variations]"
Add component (AddParameter): Name = "MPN"; Value = "CR0603-FX-1333ELF"; VariantName = "[No Variations]"
Add component (AddParameter): Name = "Package"; Value = "0603"; VariantName = "[No Variations]"
Add component (AddParameter): Name = "Supplier 1"; Value = "Mouser"; VariantName = "[No Variations]"
Add component (AddParameter): Name = "Supplier Part Number 1"; Value = "652-CR0603FX-1333ELF"; VariantName = "[No Variations]"
Add component (AddParameter): Name = "Value"; Value = "133k"; VariantName = "[No Variations]"
Added Component: Designator=R5(RESC1608X06N)
Add component (AddParameter): Name = "MF"; Value = "Vishay / Dale"; VariantName = "[No Variations]"
Add component (AddParameter): Name = "MPN"; Value = "CRCW06031K00JNEAC"; VariantName = "[No Variations]"
Add component (AddParameter): Name = "Package"; Value = "0603"; VariantName = "[No Variations]"
Add component (AddParameter): Name = "Supplier 1"; Value = "Mouser"; VariantName = "[No Variations]"
Add component (AddParameter): Name = "Supplier Part Number 1"; Value = "71-CRCW06031K00JNEAC"; VariantName = "[No Variations]"
Add component (AddParameter): Name = "Tolerance"; Value = "5%"; VariantName = "[No Variations]"
Add component (AddParameter): Name = "Value"; Value = "1k"; VariantName = "[No Variations]"
Added Component: Designator=R6(RESC1608X06N)
Add component (AddParameter): Name = "MF"; Value = "Bourns"; VariantName = "[No Variations]"
Add component (AddParameter): Name = "MPN"; Value = "CR0603-FX-1623ELF"; VariantName = "[No Variations]"
Add component (AddParameter): Name = "Package"; Value = "0603"; VariantName = "[No Variations]"
Add component (AddParameter): Name = "Supplier 1"; Value = "Mouser"; VariantName = "[No Variations]"
Add component (AddParameter): Name = "Supplier Part Number 1"; Value = "652-CR0603-FX1623ELF"; VariantName = "[No Variations]"
Add component (AddParameter): Name = "Value"; Value = "162k"; VariantName = "[No Variations]"
Added Component: Designator=R7(RESC1608X06N)
Add component (AddParameter): Name = "MF"; Value = "Yageo"; VariantName = "[No Variations]"
Add component (AddParameter): Name = "MPN"; Value = "AC0603FR-1375KL"; VariantName = "[No Variations]"
Add component (AddParameter): Name = "Package"; Value = "0603"; VariantName = "[No Variations]"
Add component (AddParameter): Name = "Supplier 1"; Value = "Mouser"; VariantName = "[No Variations]"
Add component (AddParameter): Name = "Supplier Part Number 1"; Value = "603-AC0603FR-1375KL"; VariantName = "[No Variations]"
Add component (AddParameter): Name = "Value"; Value = "75k"; VariantName = "[No Variations]"
Added Component: Designator=R8(RESC1608X06N)
Add component (AddParameter): Name = "MF"; Value = "Vishay / Dale"; VariantName = "[No Variations]"
Add component (AddParameter): Name = "MPN"; Value = "CRCW06031K00JNEAC"; VariantName = "[No Variations]"
Add component (AddParameter): Name = "Package"; Value = "0603"; VariantName = "[No Variations]"
Add component (AddParameter): Name = "Supplier 1"; Value = "Mouser"; VariantName = "[No Variations]"
Add component (AddParameter): Name = "Supplier Part Number 1"; Value = "71-CRCW06031K00JNEAC"; VariantName = "[No Variations]"
Add component (AddParameter): Name = "Tolerance"; Value = "5%"; VariantName = "[No Variations]"
Add component (AddParameter): Name = "Value"; Value = "1k"; VariantName = "[No Variations]"
Added Component: Designator=R9(RESC1608X06N)
Add component (AddParameter): Name = "MF"; Value = "Bourns"; VariantName = "[No Variations]"
Add component (AddParameter): Name = "MPN"; Value = "CR0603-FX-1333ELF"; VariantName = "[No Variations]"
Add component (AddParameter): Name = "Package"; Value = "0603"; VariantName = "[No Variations]"
Add component (AddParameter): Name = "Supplier 1"; Value = "Mouser"; VariantName = "[No Variations]"
Add component (AddParameter): Name = "Supplier Part Number 1"; Value = "652-CR0603FX-1333ELF"; VariantName = "[No Variations]"
Add component (AddParameter): Name = "Value"; Value = "133k"; VariantName = "[No Variations]"
Added Component: Designator=R10(RESC1608X06N)
Add component (AddParameter): Name = "MF"; Value = "Vishay / Dale"; VariantName = "[No Variations]"
Add component (AddParameter): Name = "MPN"; Value = "CRCW06031K00JNEAC"; VariantName = "[No Variations]"
Add component (AddParameter): Name = "Package"; Value = "0603"; VariantName = "[No Variations]"
Add component (AddParameter): Name = "Supplier 1"; Value = "Mouser"; VariantName = "[No Variations]"
Add component (AddParameter): Name = "Supplier Part Number 1"; Value = "71-CRCW06031K00JNEAC"; VariantName = "[No Variations]"
Add component (AddParameter): Name = "Tolerance"; Value = "5%"; VariantName = "[No Variations]"
Add component (AddParameter): Name = "Value"; Value = "1k"; VariantName = "[No Variations]"
Added Component: Designator=R11(RESC1608X06N)
Add component (AddParameter): Name = "MF"; Value = "Vishay / Dale"; VariantName = "[No Variations]"
Add component (AddParameter): Name = "MPN"; Value = "CRCW06031K00JNEAC"; VariantName = "[No Variations]"
Add component (AddParameter): Name = "Package"; Value = "0603"; VariantName = "[No Variations]"
Add component (AddParameter): Name = "Supplier 1"; Value = "Mouser"; VariantName = "[No Variations]"
Add component (AddParameter): Name = "Supplier Part Number 1"; Value = "71-CRCW06031K00JNEAC"; VariantName = "[No Variations]"
Add component (AddParameter): Name = "Value"; Value = "1k"; VariantName = "[No Variations]"
Added Component: Designator=R12(RESC1608X06N)
Add component (AddParameter): Name = "MF"; Value = "Vishay / Dale"; VariantName = "[No Variations]"
Add component (AddParameter): Name = "MPN"; Value = "CRCW06030000Z0EBC"; VariantName = "[No Variations]"
Add component (AddParameter): Name = "Package"; Value = "0603"; VariantName = "[No Variations]"
Add component (AddParameter): Name = "Supplier 1"; Value = "Mouser"; VariantName = "[No Variations]"
Add component (AddParameter): Name = "Supplier Part Number 1"; Value = "71-CRCW06030000Z0EBC"; VariantName = "[No Variations]"
Add component (AddParameter): Name = "Value"; Value = "0R"; VariantName = "[No Variations]"
Added Component: Designator=R13(RESC1608X06N)
Add component (AddParameter): Name = "MF"; Value = "Vishay / Dale"; VariantName = "[No Variations]"
Add component (AddParameter): Name = "MPN"; Value = "CRCW06031K00JNEAC"; VariantName = "[No Variations]"
Add component (AddParameter): Name = "Package"; Value = "0603"; VariantName = "[No Variations]"
Add component (AddParameter): Name = "Supplier 1"; Value = "Mouser"; VariantName = "[No Variations]"
Add component (AddParameter): Name = "Supplier Part Number 1"; Value = "71-CRCW06031K00JNEAC"; VariantName = "[No Variations]"
Add component (AddParameter): Name = "Value"; Value = "1k"; VariantName = "[No Variations]"
Added Component: Designator=R14(RESC3216X65N)
Add component (AddParameter): Name = "AN"; Value = "22757"; VariantName = "[No Variations]"
Add component (AddParameter): Name = "Case"; Value = "1206"; VariantName = "[No Variations]"
Add component (AddParameter): Name = "Created"; Value = ""; VariantName = "[No Variations]"
Add component (AddParameter): Name = "MF"; Value = "ARCOL/Ohmite"; VariantName = "[No Variations]"
Add component (AddParameter): Name = "Mixed"; Value = "SMT"; VariantName = "[No Variations]"
Add component (AddParameter): Name = "MPN"; Value = "APC1206B200RN"; VariantName = "[No Variations]"
Add component (AddParameter): Name = "Preferred"; Value = "Yes"; VariantName = "[No Variations]"
Add component (AddParameter): Name = "Supplier 1"; Value = "Mouser"; VariantName = "[No Variations]"
Add component (AddParameter): Name = "Supplier Part Number 1"; Value = "284-APC1206B200RN"; VariantName = "[No Variations]"
Add component (AddParameter): Name = "Technology"; Value = "TK100"; VariantName = "[No Variations]"
Add component (AddParameter): Name = "Tolerance"; Value = "5%"; VariantName = "[No Variations]"
Add component (AddParameter): Name = "Value"; Value = "200R"; VariantName = "[No Variations]"
Added Component: Designator=R15(RESC1608X06N)
Add component (AddParameter): Name = "MF"; Value = "Vishay / Dale"; VariantName = "[No Variations]"
Add component (AddParameter): Name = "MPN"; Value = "CRCW06030000Z0EBC"; VariantName = "[No Variations]"
Add component (AddParameter): Name = "Package"; Value = "0603"; VariantName = "[No Variations]"
Add component (AddParameter): Name = "Supplier 1"; Value = "Mouser"; VariantName = "[No Variations]"
Add component (AddParameter): Name = "Supplier Part Number 1"; Value = "71-CRCW06030000Z0EBC"; VariantName = "[No Variations]"
Add component (AddParameter): Name = "Value"; Value = "0R"; VariantName = "[No Variations]"
Added Component: Designator=R16(RESC1608X06N)
Add component (AddParameter): Name = "MF"; Value = "Vishay / Dale"; VariantName = "[No Variations]"
Add component (AddParameter): Name = "MPN"; Value = "CRCW06031K00JNEAC"; VariantName = "[No Variations]"
Add component (AddParameter): Name = "Package"; Value = "0603"; VariantName = "[No Variations]"
Add component (AddParameter): Name = "Supplier 1"; Value = "Mouser"; VariantName = "[No Variations]"
Add component (AddParameter): Name = "Supplier Part Number 1"; Value = "71-CRCW06031K00JNEAC"; VariantName = "[No Variations]"
Add component (AddParameter): Name = "Value"; Value = "1k"; VariantName = "[No Variations]"
Added Component: Designator=R17(RESC1608X06N)
Add component (AddParameter): Name = "MF"; Value = "Vishay / Dale"; VariantName = "[No Variations]"
Add component (AddParameter): Name = "MPN"; Value = "CRCW06031K00JNEAC"; VariantName = "[No Variations]"
Add component (AddParameter): Name = "Package"; Value = "0603"; VariantName = "[No Variations]"
Add component (AddParameter): Name = "Supplier 1"; Value = "Mouser"; VariantName = "[No Variations]"
Add component (AddParameter): Name = "Supplier Part Number 1"; Value = "71-CRCW06031K00JNEAC"; VariantName = "[No Variations]"
Add component (AddParameter): Name = "Value"; Value = "1k"; VariantName = "[No Variations]"
Added Component: Designator=TP1(TP_1mm)
Add component (AddParameter): Name = "Created"; Value = ""; VariantName = "[No Variations]"
Add component (AddParameter): Name = "Value"; Value = "Testpoint 1mm"; VariantName = "[No Variations]"
Added Component: Designator=TP2(TP_1mm)
Add component (AddParameter): Name = "Created"; Value = ""; VariantName = "[No Variations]"
Add component (AddParameter): Name = "Value"; Value = "Testpoint 1mm"; VariantName = "[No Variations]"
Added Component: Designator=TP3(TP_1mm)
Add component (AddParameter): Name = "Created"; Value = ""; VariantName = "[No Variations]"
Add component (AddParameter): Name = "Value"; Value = "Testpoint 1mm"; VariantName = "[No Variations]"
Added Component: Designator=TP4(TP_1mm)
Add component (AddParameter): Name = "Created"; Value = ""; VariantName = "[No Variations]"
Add component (AddParameter): Name = "Value"; Value = "Testpoint 1mm"; VariantName = "[No Variations]"
Added Component: Designator=TP5(TP_1mm)
Add component (AddParameter): Name = "Created"; Value = ""; VariantName = "[No Variations]"
Add component (AddParameter): Name = "Value"; Value = "Testpoint 1mm"; VariantName = "[No Variations]"
Added Component: Designator=TP6(TP_1mm)
Add component (AddParameter): Name = "Created"; Value = ""; VariantName = "[No Variations]"
Add component (AddParameter): Name = "Value"; Value = "Testpoint 1mm"; VariantName = "[No Variations]"
Added Component: Designator=TP7(TP_1mm)
Add component (AddParameter): Name = "Created"; Value = ""; VariantName = "[No Variations]"
Add component (AddParameter): Name = "Value"; Value = "Testpoint 1mm"; VariantName = "[No Variations]"
Added Component: Designator=TP8(TP_1mm)
Add component (AddParameter): Name = "Created"; Value = "2018_06_25_AGeiger"; VariantName = "[No Variations]"
Add component (AddParameter): Name = "Value"; Value = "Testpoint 1mm"; VariantName = "[No Variations]"
Added Component: Designator=TP9(TP_1mm)
Add component (AddParameter): Name = "Created"; Value = "2018_06_25_AGeiger"; VariantName = "[No Variations]"
Add component (AddParameter): Name = "Value"; Value = "Testpoint 1mm"; VariantName = "[No Variations]"
Added Component: Designator=U1(TSOP65P490X110-8N)
Add component (AddParameter): Name = "MF"; Value = "Texas Instruments"; VariantName = "[No Variations]"
Add component (AddParameter): Name = "MPN"; Value = "LM5007MM/NOPB"; VariantName = "[No Variations]"
Add component (AddParameter): Name = "Package"; Value = "VSSOP-8"; VariantName = "[No Variations]"
Add component (AddParameter): Name = "Supplier 1"; Value = "Farnell"; VariantName = "[No Variations]"
Add component (AddParameter): Name = "Supplier 2"; Value = "Mouser"; VariantName = "[No Variations]"
Add component (AddParameter): Name = "Supplier 3"; Value = "Digi-Key"; VariantName = "[No Variations]"
Add component (AddParameter): Name = "Supplier Part Number 1"; Value = "3007210"; VariantName = "[No Variations]"
Add component (AddParameter): Name = "Supplier Part Number 2"; Value = "926-LM5007MM/NOPB"; VariantName = "[No Variations]"
Add component (AddParameter): Name = "Supplier Part Number 3"; Value = "296-LM5007MM/NOPBCT-ND"; VariantName = "[No Variations]"
Added Component: Designator=U2(TSOP65P490X110-8N)
Add component (AddParameter): Name = "MF"; Value = "Texas Instruments"; VariantName = "[No Variations]"
Add component (AddParameter): Name = "MPN"; Value = "LM5007MM/NOPB"; VariantName = "[No Variations]"
Add component (AddParameter): Name = "Package"; Value = "VSSOP-8"; VariantName = "[No Variations]"
Add component (AddParameter): Name = "Supplier 1"; Value = "Farnell"; VariantName = "[No Variations]"
Add component (AddParameter): Name = "Supplier 2"; Value = "Mouser"; VariantName = "[No Variations]"
Add component (AddParameter): Name = "Supplier 3"; Value = "Digi-Key"; VariantName = "[No Variations]"
Add component (AddParameter): Name = "Supplier Part Number 1"; Value = "3007210"; VariantName = "[No Variations]"
Add component (AddParameter): Name = "Supplier Part Number 2"; Value = "926-LM5007MM/NOPB"; VariantName = "[No Variations]"
Add component (AddParameter): Name = "Supplier Part Number 3"; Value = "296-LM5007MM/NOPBCT-ND"; VariantName = "[No Variations]"
Added Component: Designator=U3(MSOP8_3x3-8N)
Add component (AddParameter): Name = "Created"; Value = "Kreppel_20190830"; VariantName = "[No Variations]"
Add component (AddParameter): Name = "MF"; Value = "Analog Devices / Linear Technology"; VariantName = "[No Variations]"
Add component (AddParameter): Name = "MPN"; Value = "LT6203CMS8#PBF"; VariantName = "[No Variations]"
Add component (AddParameter): Name = "Package"; Value = "MSOP-8"; VariantName = "[No Variations]"
Add component (AddParameter): Name = "Supplier 1"; Value = "Mouser"; VariantName = "[No Variations]"
Add component (AddParameter): Name = "Supplier Part Number 1"; Value = "584-LT6203CMS8#PBF"; VariantName = "[No Variations]"
Added Component: Designator=U4(DGK0008A_N)
Add component (AddParameter): Name = "-3db Bandwidth"; Value = "145MHz"; VariantName = "[No Variations]"
Add component (AddParameter): Name = "Bandwidth"; Value = "145MHz"; VariantName = "[No Variations]"
Add component (AddParameter): Name = "Case/Package"; Value = "VSSOP"; VariantName = "[No Variations]"
Add component (AddParameter): Name = "Category"; Value = "Amplifiers - Op Amps, Buffer, Instrumentation"; VariantName = "[No Variations]"
Add component (AddParameter): Name = "Common Mode Rejection Ratio"; Value = "80dB"; VariantName = "[No Variations]"
Add component (AddParameter): Name = "ComponentLink1Description"; Value = "https://datasheet.ciiva.com/14456/sbos458f-14456592.pdf?src-supplier=Avnet"; VariantName = "[No Variations]"
Add component (AddParameter): Name = "ComponentLink1URL"; Value = "https://datasheet.ciiva.com/14456/sbos458f-14456592.pdf?src-supplier=Avnet"; VariantName = "[No Variations]"
Add component (AddParameter): Name = "ComponentLink2Description"; Value = "https://datasheet.ciiva.com/18622/ths4521-18622155.pdf?src-supplier=Digi-Key"; VariantName = "[No Variations]"
Add component (AddParameter): Name = "ComponentLink2URL"; Value = "https://datasheet.ciiva.com/18622/ths4521-18622155.pdf?src-supplier=Digi-Key"; VariantName = "[No Variations]"
Add component (AddParameter): Name = "ComponentLink3Description"; Value = "https://datasheet.ciiva.com/18622/ths4521-18622156.pdf?src-supplier=Digi-Key"; VariantName = "[No Variations]"
Add component (AddParameter): Name = "ComponentLink3URL"; Value = "https://datasheet.ciiva.com/18622/ths4521-18622156.pdf?src-supplier=Digi-Key"; VariantName = "[No Variations]"
Add component (AddParameter): Name = "ComponentLink4Description"; Value = "https://datasheet.ciiva.com/18622/ths4521-18622157.pdf?src-supplier=Digi-Key"; VariantName = "[No Variations]"
Add component (AddParameter): Name = "ComponentLink4URL"; Value = "https://datasheet.ciiva.com/18622/ths4521-18622157.pdf?src-supplier=Digi-Key"; VariantName = "[No Variations]"
Add component (AddParameter): Name = "Gain Bandwidth Product"; Value = "95MHz"; VariantName = "[No Variations]"
Add component (AddParameter): Name = "Input Bias Current"; Value = "900nA"; VariantName = "[No Variations]"
Add component (AddParameter): Name = "Input Offset Voltage (Vos)"; Value = "2mV"; VariantName = "[No Variations]"
Add component (AddParameter): Name = "Lead Free"; Value = "Lead Free"; VariantName = "[No Variations]"
Add component (AddParameter): Name = "Manufacturer"; Value = "Texas Instruments"; VariantName = "[No Variations]"
Add component (AddParameter): Name = "Manufacturer Part Number"; Value = "THS4521IDGKR"; VariantName = "[No Variations]"
Add component (AddParameter): Name = "Max Dual Supply Voltage"; Value = "2.75V"; VariantName = "[No Variations]"
Add component (AddParameter): Name = "Max I/O Voltage"; Value = "2mV"; VariantName = "[No Variations]"
Add component (AddParameter): Name = "Max Operating Temperature"; Value = "85°C"; VariantName = "[No Variations]"
Add component (AddParameter): Name = "Max Supply Voltage"; Value = "5.5V"; VariantName = "[No Variations]"
Add component (AddParameter): Name = "Min Dual Supply Voltage"; Value = "1.5V"; VariantName = "[No Variations]"
Add component (AddParameter): Name = "Min Operating Temperature"; Value = "-40°C"; VariantName = "[No Variations]"
Add component (AddParameter): Name = "Min Supply Voltage"; Value = "2.5V"; VariantName = "[No Variations]"
Add component (AddParameter): Name = "Nominal Supply Current"; Value = "1.14mA"; VariantName = "[No Variations]"
Add component (AddParameter): Name = "Number of Amplifiers"; Value = "1"; VariantName = "[No Variations]"
Add component (AddParameter): Name = "Number of Channels"; Value = "1"; VariantName = "[No Variations]"
Add component (AddParameter): Name = "Number of Circuits"; Value = "1"; VariantName = "[No Variations]"
Add component (AddParameter): Name = "Number of Elements"; Value = "1"; VariantName = "[No Variations]"
Add component (AddParameter): Name = "Number of Pins"; Value = "8"; VariantName = "[No Variations]"
Add component (AddParameter): Name = "Operating Supply Current"; Value = "1.14mA"; VariantName = "[No Variations]"
Add component (AddParameter): Name = "Operating Supply Voltage"; Value = "5V"; VariantName = "[No Variations]"
Add component (AddParameter): Name = "Output Current per Channel"; Value = "55mA"; VariantName = "[No Variations]"
Add component (AddParameter): Name = "Package Quantity"; Value = "2500"; VariantName = "[No Variations]"
Add component (AddParameter): Name = "Packaging"; Value = "Tape and Reel"; VariantName = "[No Variations]"
Add component (AddParameter): Name = "Power Supply Rejection Ratio (PSRR)"; Value = "80dB"; VariantName = "[No Variations]"
Add component (AddParameter): Name = "Pricing 1"; Value = "1=2,55000, 10=2,29000, 25=2,16000, 100=1,78000, 250=1,59000, 500=1,54000, 1000=1,28000, 2500=1,25000, 1=2,83000, 10=2,54000, 25=2,40000, 100=1,98000, 250=1,77000, 500=1,71000 (EUR)"; VariantName = "[No Variations]"
Add component (AddParameter): Name = "Radiation Hardening"; Value = "No"; VariantName = "[No Variations]"
Add component (AddParameter): Name = "REACH SVHC"; Value = "No SVHC"; VariantName = "[No Variations]"
Add component (AddParameter): Name = "RoHS"; Value = "Yes"; VariantName = "[No Variations]"
Add component (AddParameter): Name = "Slew Rate"; Value = "490V/µs"; VariantName = "[No Variations]"
Add component (AddParameter): Name = "Stock 1"; Value = "12114"; VariantName = "[No Variations]"
Add component (AddParameter): Name = "Supplier 1"; Value = "Mouser"; VariantName = "[No Variations]"
Add component (AddParameter): Name = "Supplier Part Number 1"; Value = "595-THS4521IDGKR"; VariantName = "[No Variations]"
Add component (AddParameter): Name = "Unity Gain Bandwidth Product"; Value = "95MHz"; VariantName = "[No Variations]"
Add component (AddParameter): Name = "Voltage Gain"; Value = "119dB"; VariantName = "[No Variations]"
Add component (AddParameter): Name = "Weight"; Value = "0.000935oz"; VariantName = "[No Variations]"
Added Pin To Net: NetName=+5V Pin=C2-1
Added Pin To Net: NetName=+5V Pin=C7-1
Added Pin To Net: NetName=+5V Pin=C8-2
Added Pin To Net: NetName=+5V Pin=C9-2
Added Pin To Net: NetName=+5V Pin=C10-2
Added Pin To Net: NetName=+5V Pin=C30-1
Added Pin To Net: NetName=+5V Pin=C31-1
Added Pin To Net: NetName=+5V Pin=C32-1
Added Pin To Net: NetName=+5V Pin=C33-1
Added Pin To Net: NetName=+5V Pin=C34-1
Added Pin To Net: NetName=+5V Pin=C35-1
Added Pin To Net: NetName=+5V Pin=C36-1
Added Pin To Net: NetName=+5V Pin=C37-1
Added Pin To Net: NetName=+5V Pin=L2-2
Added Pin To Net: NetName=+5V Pin=R3-2
Added Pin To Net: NetName=+5V Pin=TP3-1
Added Pin To Net: NetName=+5V Pin=U3-8
Added Pin To Net: NetName=+5V Pin=U4-3
Added Net: Name=+5V
Added Pin To Net: NetName=-5V Pin=C15-2
Added Pin To Net: NetName=-5V Pin=C16-1
Added Pin To Net: NetName=-5V Pin=C17-1
Added Pin To Net: NetName=-5V Pin=C18-2
Added Pin To Net: NetName=-5V Pin=C19-1
Added Pin To Net: NetName=-5V Pin=C20-1
Added Pin To Net: NetName=-5V Pin=C21-1
Added Pin To Net: NetName=-5V Pin=C23-2
Added Pin To Net: NetName=-5V Pin=C38-2
Added Pin To Net: NetName=-5V Pin=C39-2
Added Pin To Net: NetName=-5V Pin=C40-2
Added Pin To Net: NetName=-5V Pin=C41-2
Added Pin To Net: NetName=-5V Pin=D2-2
Added Pin To Net: NetName=-5V Pin=J1-2
Added Pin To Net: NetName=-5V Pin=R9-1
Added Pin To Net: NetName=-5V Pin=R10-2
Added Pin To Net: NetName=-5V Pin=TP7-1
Added Pin To Net: NetName=-5V Pin=U2-4
Added Pin To Net: NetName=-5V Pin=U3-4
Added Net: Name=-5V
Added Pin To Net: NetName=24V_negRail Pin=C14-1
Added Pin To Net: NetName=24V_negRail Pin=C16-2
Added Pin To Net: NetName=24V_negRail Pin=C17-2
Added Pin To Net: NetName=24V_negRail Pin=C18-1
Added Pin To Net: NetName=24V_negRail Pin=L3-2
Added Pin To Net: NetName=24V_negRail Pin=R6-2
Added Pin To Net: NetName=24V_negRail Pin=TP5-1
Added Pin To Net: NetName=24V_negRail Pin=U2-8
Added Net: Name=24V_negRail
Added Pin To Net: NetName=24V_posRail Pin=C3-2
Added Pin To Net: NetName=24V_posRail Pin=C4-2
Added Pin To Net: NetName=24V_posRail Pin=C5-1
Added Pin To Net: NetName=24V_posRail Pin=L1-2
Added Pin To Net: NetName=24V_posRail Pin=R1-1
Added Pin To Net: NetName=24V_posRail Pin=TP1-1
Added Pin To Net: NetName=24V_posRail Pin=U1-8
Added Net: Name=24V_posRail
Added Pin To Net: NetName=Buffer_N Pin=R12-2
Added Pin To Net: NetName=Buffer_N Pin=R13-1
Added Pin To Net: NetName=Buffer_N Pin=U3-6
Added Pin To Net: NetName=Buffer_N Pin=U3-7
Added Net: Name=Buffer_N
Added Pin To Net: NetName=Buffer_P Pin=R15-2
Added Pin To Net: NetName=Buffer_P Pin=R16-1
Added Pin To Net: NetName=Buffer_P Pin=U3-1
Added Pin To Net: NetName=Buffer_P Pin=U3-2
Added Net: Name=Buffer_P
Added Pin To Net: NetName=FB_negRail Pin=C22-2
Added Pin To Net: NetName=FB_negRail Pin=R8-2
Added Pin To Net: NetName=FB_negRail Pin=R10-1
Added Pin To Net: NetName=FB_negRail Pin=TP6-1
Added Pin To Net: NetName=FB_negRail Pin=U2-5
Added Net: Name=FB_negRail
Added Pin To Net: NetName=FB_N Pin=C24-1
Added Pin To Net: NetName=FB_N Pin=R11-1
Added Pin To Net: NetName=FB_N Pin=R13-2
Added Pin To Net: NetName=FB_N Pin=U4-1
Added Net: Name=FB_N
Added Pin To Net: NetName=FB_posRail Pin=C6-1
Added Pin To Net: NetName=FB_posRail Pin=R3-1
Added Pin To Net: NetName=FB_posRail Pin=R5-2
Added Pin To Net: NetName=FB_posRail Pin=U1-5
Added Net: Name=FB_posRail
Added Pin To Net: NetName=FB_P Pin=C25-1
Added Pin To Net: NetName=FB_P Pin=R16-2
Added Pin To Net: NetName=FB_P Pin=R17-1
Added Pin To Net: NetName=FB_P Pin=U4-8
Added Net: Name=FB_P
Added Pin To Net: NetName=GND Pin=C3-1
Added Pin To Net: NetName=GND Pin=C4-1
Added Pin To Net: NetName=GND Pin=C5-2
Added Pin To Net: NetName=GND Pin=C7-2
Added Pin To Net: NetName=GND Pin=C8-1
Added Pin To Net: NetName=GND Pin=C9-1
Added Pin To Net: NetName=GND Pin=C10-1
Added Pin To Net: NetName=GND Pin=C11-2
Added Pin To Net: NetName=GND Pin=C13-1
Added Pin To Net: NetName=GND Pin=C14-2
Added Pin To Net: NetName=GND Pin=C15-1
Added Pin To Net: NetName=GND Pin=C19-2
Added Pin To Net: NetName=GND Pin=C20-2
Added Pin To Net: NetName=GND Pin=C21-2
Added Pin To Net: NetName=GND Pin=C26-2
Added Pin To Net: NetName=GND Pin=C27-2
Added Pin To Net: NetName=GND Pin=C28-2
Added Pin To Net: NetName=GND Pin=C29-2
Added Pin To Net: NetName=GND Pin=C30-2
Added Pin To Net: NetName=GND Pin=C31-2
Added Pin To Net: NetName=GND Pin=C32-2
Added Pin To Net: NetName=GND Pin=C33-2
Added Pin To Net: NetName=GND Pin=C34-2
Added Pin To Net: NetName=GND Pin=C35-2
Added Pin To Net: NetName=GND Pin=C36-2
Added Pin To Net: NetName=GND Pin=C37-2
Added Pin To Net: NetName=GND Pin=C38-1
Added Pin To Net: NetName=GND Pin=C39-1
Added Pin To Net: NetName=GND Pin=C40-1
Added Pin To Net: NetName=GND Pin=C41-1
Added Pin To Net: NetName=GND Pin=D1-2
Added Pin To Net: NetName=GND Pin=J1-1
Added Pin To Net: NetName=GND Pin=J2-2
Added Pin To Net: NetName=GND Pin=L4-2
Added Pin To Net: NetName=GND Pin=R4-1
Added Pin To Net: NetName=GND Pin=R5-1
Added Pin To Net: NetName=GND Pin=R8-1
Added Pin To Net: NetName=GND Pin=TP2-1
Added Pin To Net: NetName=GND Pin=TP9-1
Added Pin To Net: NetName=GND Pin=U1-4
Added Pin To Net: NetName=GND Pin=U4-6
Added Net: Name=GND
Added Pin To Net: NetName=IN_N Pin=J3-2
Added Pin To Net: NetName=IN_N Pin=R12-1
Added Pin To Net: NetName=IN_N Pin=R14-2
Added Pin To Net: NetName=IN_N Pin=U3-5
Added Net: Name=IN_N
Added Pin To Net: NetName=IN_P Pin=J3-1
Added Pin To Net: NetName=IN_P Pin=R14-1
Added Pin To Net: NetName=IN_P Pin=R15-1
Added Pin To Net: NetName=IN_P Pin=U3-3
Added Net: Name=IN_P
Added Pin To Net: NetName=NetC1_1 Pin=C1-1
Added Pin To Net: NetName=NetC1_1 Pin=U1-2
Added Net: Name=NetC1_1
Added Pin To Net: NetName=NetC2_2 Pin=C2-2
Added Pin To Net: NetName=NetC2_2 Pin=C6-2
Added Pin To Net: NetName=NetC2_2 Pin=R2-2
Added Net: Name=NetC2_2
Added Pin To Net: NetName=NetC12_2 Pin=C12-2
Added Pin To Net: NetName=NetC12_2 Pin=U2-2
Added Net: Name=NetC12_2
Added Pin To Net: NetName=NetC13_2 Pin=C13-2
Added Pin To Net: NetName=NetC13_2 Pin=C22-1
Added Pin To Net: NetName=NetC13_2 Pin=R7-1
Added Net: Name=NetC13_2
Added Pin To Net: NetName=NetR1_2 Pin=R1-2
Added Pin To Net: NetName=NetR1_2 Pin=U1-6
Added Net: Name=NetR1_2
Added Pin To Net: NetName=NetR6_1 Pin=R6-1
Added Pin To Net: NetName=NetR6_1 Pin=U2-6
Added Net: Name=NetR6_1
Added Pin To Net: NetName=OUT_N Pin=C25-2
Added Pin To Net: NetName=OUT_N Pin=R17-2
Added Pin To Net: NetName=OUT_N Pin=U4-5
Added Net: Name=OUT_N
Added Pin To Net: NetName=OUT_P Pin=C24-2
Added Pin To Net: NetName=OUT_P Pin=R11-2
Added Pin To Net: NetName=OUT_P Pin=U4-4
Added Net: Name=OUT_P
Added Pin To Net: NetName=PD Pin=TP8-1
Added Pin To Net: NetName=PD Pin=U4-7
Added Net: Name=PD
Added Pin To Net: NetName=RCL_negRail Pin=R9-2
Added Pin To Net: NetName=RCL_negRail Pin=U2-3
Added Net: Name=RCL_negRail
Added Pin To Net: NetName=RCL_posRail Pin=R4-2
Added Pin To Net: NetName=RCL_posRail Pin=U1-3
Added Net: Name=RCL_posRail
Added Pin To Net: NetName=SW_negRail Pin=C12-1
Added Pin To Net: NetName=SW_negRail Pin=D2-1
Added Pin To Net: NetName=SW_negRail Pin=L4-1
Added Pin To Net: NetName=SW_negRail Pin=R7-2
Added Pin To Net: NetName=SW_negRail Pin=TP4-1
Added Pin To Net: NetName=SW_negRail Pin=U2-1
Added Net: Name=SW_negRail
Added Pin To Net: NetName=SW_posRail Pin=C1-2
Added Pin To Net: NetName=SW_posRail Pin=D1-1
Added Pin To Net: NetName=SW_posRail Pin=L2-1
Added Pin To Net: NetName=SW_posRail Pin=R2-1
Added Pin To Net: NetName=SW_posRail Pin=U1-1
Added Net: Name=SW_posRail
Added Pin To Net: NetName=VCC_negRail Pin=C23-1
Added Pin To Net: NetName=VCC_negRail Pin=U2-7
Added Net: Name=VCC_negRail
Added Pin To Net: NetName=VCC_posRail Pin=C11-1
Added Pin To Net: NetName=VCC_posRail Pin=U1-7
Added Net: Name=VCC_posRail
Added Pin To Net: NetName=VIN Pin=J2-1
Added Pin To Net: NetName=VIN Pin=L1-1
Added Pin To Net: NetName=VIN Pin=L3-1
Added Net: Name=VIN
Added Pin To Net: NetName=VOCM Pin=C26-1
Added Pin To Net: NetName=VOCM Pin=C27-1
Added Pin To Net: NetName=VOCM Pin=C28-1
Added Pin To Net: NetName=VOCM Pin=C29-1
Added Pin To Net: NetName=VOCM Pin=U4-2
Added Net: Name=VOCM
Added Class: Name=Amplifier
Added Class: Name=PCBdesign
Added Class: Name=PowerSupply
Added Differential Pair: Name=Buffer
Added Differential Pair: Name=FB
Added Differential Pair: Name=IN
Added Differential Pair: Name=OUT
Added Room: Name=Amplifier
Added Room: Name=PCBdesign
Added Room: Name=PowerSupply
