Removed Pin From Net: NetName=24V_negRail Pin=C14-1
Removed Pin From Net: NetName=-5V Pin=J1-1
Removed Pin From Net: NetName=GND Pin=J1-2
Removed Pin From Net: NetName=GND Pin=J3-1
Removed Pin From Net: NetName=OUT_P Pin=R12-1
Removed Pin From Net: NetName=Buffer_N Pin=R13-2
Removed Pin From Net: NetName=Buffer_P Pin=R18-2
Removed Pin From Net: NetName=NetR20_1 Pin=R20-1
Removed Pin From Net: NetName=OUT_N Pin=R20-2
Removed Pin From Net: NetName=24V_posRail Pin=TP1-1
Removed Pin From Net: NetName=GND Pin=TP2-1
Removed Pin From Net: NetName=+5V Pin=TP3-1
Removed Pin From Net: NetName=SW_negRail Pin=TP4-1
Removed Pin From Net: NetName=24V_negRail Pin=TP5-1
Removed Pin From Net: NetName=FB_negRail Pin=TP6-1
Removed Pin From Net: NetName=-5V Pin=TP7-1
Removed Pin From Net: NetName=ADC_IN_P Pin=TP9-1
Removed Pin From Net: NetName=ADC_IN_N Pin=TP10-1
Removed Pin From Net: NetName=PD Pin=TP11-1
Removed Pin From Net: NetName=NetR20_1 Pin=TP12-1
Removed Pin From Net: NetName=GND Pin=TP13-1
Removed Pin From Net: NetName=GND Pin=U4-6
Removed Member From Class: ClassName=Amplifier Member=R12
Removed Member From Class: ClassName=Amplifier Member=R13
Removed Member From Class: ClassName=Amplifier Member=TP13
Change Component DesignItemId : Designator=ProjectName1 Old DesignItemId= New DesignItemId=ID_ProjectRev
Change Component Designator: OldDesignator=C1 NewDesignator=C2
Change Component Designator: OldDesignator=C2 NewDesignator=C3
Change Component Designator: OldDesignator=C3 NewDesignator=C4
Change Component Designator: OldDesignator=C4 NewDesignator=C5
Change Component Designator: OldDesignator=C5 NewDesignator=C6
Change Component Designator: OldDesignator=C6 NewDesignator=C7
Change Component Designator: OldDesignator=C7 NewDesignator=C8
Change Component Designator: OldDesignator=C8 NewDesignator=C9
Change Component Designator: OldDesignator=C9 NewDesignator=C10
Change Component Designator: OldDesignator=C10 NewDesignator=C11
Change Component Designator: OldDesignator=C11 NewDesignator=C13
Change Component Designator: OldDesignator=C12 NewDesignator=C14
Change Component Designator: OldDesignator=C13 NewDesignator=C15
Change Component Designator: OldDesignator=C14 NewDesignator=C1
Change Component Designator: OldDesignator=C15 NewDesignator=C20
Change Component Designator: OldDesignator=C19 NewDesignator=C21
Change Component Designator: OldDesignator=C20 NewDesignator=C22
Change Component Designator: OldDesignator=C21 NewDesignator=C23
Change Component Designator: OldDesignator=C22 NewDesignator=C19
Change Component Designator: OldDesignator=C23 NewDesignator=C25
Change Component Designator: OldDesignator=C24 NewDesignator=C26
Change Component Designator: OldDesignator=C25 NewDesignator=C27
Change Component Designator: OldDesignator=C26 NewDesignator=C28
Change Component Designator: OldDesignator=C27 NewDesignator=C29
Change Component Designator: OldDesignator=C28 NewDesignator=C30
Change Component Designator: OldDesignator=C29 NewDesignator=C31
Change Component Designator: OldDesignator=C30 NewDesignator=C32
Change Component Designator: OldDesignator=C31 NewDesignator=C33
Change Component Designator: OldDesignator=C32 NewDesignator=C34
Change Component Designator: OldDesignator=J2 NewDesignator=J3
Change Component Designator: OldDesignator=R4 NewDesignator=R5
Change Component Designator: OldDesignator=R5 NewDesignator=R6
Change Component Designator: OldDesignator=R6 NewDesignator=R7
Change Component Designator: OldDesignator=R7 NewDesignator=R8
Change Component Designator: OldDesignator=R8 NewDesignator=R9
Change Component Designator: OldDesignator=R9 NewDesignator=R11
Change Component Designator: OldDesignator=R10 NewDesignator=R12
Change Component Designator: OldDesignator=R11 NewDesignator=R13
Change Component Designator: OldDesignator=R19 NewDesignator=R18
Change Component Library : Designator=C2 Old Library=UltraZohm_ADC.SCHLIB New Library=neg5V.SCHLIB
Change Component Library : Designator=C3 Old Library=UltraZohm_ADC.SCHLIB New Library=neg5V.SCHLIB
Change Component Library : Designator=C4 Old Library=UltraZohm_ADC.SCHLIB New Library=neg5V.SCHLIB
Change Component Library : Designator=C5 Old Library=UltraZohm_ADC.SCHLIB New Library=neg5V.SCHLIB
Change Component Library : Designator=C6 Old Library=UltraZohm_ADC.SCHLIB New Library=neg5V.SCHLIB
Change Component Library : Designator=C7 Old Library=UltraZohm_ADC.SCHLIB New Library=neg5V.SCHLIB
Change Component Library : Designator=C8 Old Library=UltraZohm_ADC.SCHLIB New Library=neg5V.SCHLIB
Change Component Library : Designator=C9 Old Library=UltraZohm_ADC.SCHLIB New Library=neg5V.SCHLIB
Change Component Library : Designator=C10 Old Library=UltraZohm_ADC.SCHLIB New Library=neg5V.SCHLIB
Change Component Library : Designator=C11 Old Library=UltraZohm_ADC.SCHLIB New Library=neg5V.SCHLIB
Change Component Library : Designator=C13 Old Library=UltraZohm_ADC.SCHLIB New Library=neg5V.SCHLIB
Change Component Library : Designator=C14 Old Library=UltraZohm_ADC.SCHLIB New Library=neg5V.SCHLIB
Change Component Library : Designator=C15 Old Library=UltraZohm_ADC.SCHLIB New Library=neg5V.SCHLIB
Change Component Library : Designator=C1 Old Library=UltraZohm_ADC.SCHLIB New Library=neg5V.SCHLIB
Change Component Library : Designator=C20 Old Library=UltraZohm_ADC.SCHLIB New Library=neg5V.SCHLIB
Change Component Library : Designator=C16 Old Library=UltraZohm_ADC.SCHLIB New Library=neg5V.SCHLIB
Change Component Library : Designator=C17 Old Library=UltraZohm_ADC.SCHLIB New Library=neg5V.SCHLIB
Change Component Library : Designator=C18 Old Library=UltraZohm_ADC.SCHLIB New Library=neg5V.SCHLIB
Change Component Library : Designator=C21 Old Library=UltraZohm_ADC.SCHLIB New Library=neg5V.SCHLIB
Change Component Library : Designator=C22 Old Library=UltraZohm_ADC.SCHLIB New Library=neg5V.SCHLIB
Change Component Library : Designator=C23 Old Library=UltraZohm_ADC.SCHLIB New Library=neg5V.SCHLIB
Change Component Library : Designator=C19 Old Library=UltraZohm_ADC.SCHLIB New Library=neg5V.SCHLIB
Change Component Library : Designator=C25 Old Library=UltraZohm_ADC.SCHLIB New Library=neg5V.SCHLIB
Change Component Library : Designator=C26 Old Library=UltraZohm_ADC.SCHLIB New Library=neg5V.SCHLIB
Change Component Library : Designator=C27 Old Library=UltraZohm_ADC.SCHLIB New Library=neg5V.SCHLIB
Change Component Library : Designator=C28 Old Library=UltraZohm_ADC.SCHLIB New Library=neg5V.SCHLIB
Change Component Library : Designator=C29 Old Library=UltraZohm_ADC.SCHLIB New Library=neg5V.SCHLIB
Change Component Library : Designator=C30 Old Library=UltraZohm_ADC.SCHLIB New Library=neg5V.SCHLIB
Change Component Library : Designator=C31 Old Library=UltraZohm_ADC.SCHLIB New Library=neg5V.SCHLIB
Change Component Library : Designator=C32 Old Library=UltraZohm_ADC.SCHLIB New Library=neg5V.SCHLIB
Change Component Library : Designator=C33 Old Library=UltraZohm_ADC.SCHLIB New Library=neg5V.SCHLIB
Change Component Library : Designator=C34 Old Library=UltraZohm_ADC.SCHLIB New Library=neg5V.SCHLIB
Change Component Library : Designator=D1 Old Library=UltraZohm_ADC.SCHLIB New Library=neg5V.SCHLIB
Change Component Library : Designator=D2 Old Library=UltraZohm_ADC.SCHLIB New Library=neg5V.SCHLIB
Change Component Library : Designator=J3 Old Library=UltraZohm_ADC.SCHLIB New Library=neg5V.SCHLIB
Change Component Library : Designator=L1 Old Library=UltraZohm_ADC.SCHLIB New Library=neg5V.SCHLIB
Change Component Library : Designator=L2 Old Library=UltraZohm_ADC.SCHLIB New Library=neg5V.SCHLIB
Change Component Library : Designator=L3 Old Library=UltraZohm_ADC.SCHLIB New Library=neg5V.SCHLIB
Change Component Library : Designator=L4 Old Library=UltraZohm_ADC.SCHLIB New Library=neg5V.SCHLIB
Change Component Library : Designator=MH1 Old Library=UltraZohm_ADC.SCHLIB New Library=neg5V.SCHLIB
Change Component Library : Designator=MH2 Old Library=UltraZohm_ADC.SCHLIB New Library=neg5V.SCHLIB
Change Component Library : Designator=MH3 Old Library=UltraZohm_ADC.SCHLIB New Library=neg5V.SCHLIB
Change Component Library : Designator=MH4 Old Library=UltraZohm_ADC.SCHLIB New Library=neg5V.SCHLIB
Change Component Library : Designator=ProjectName1 Old Library=UltraZohm_ADC.SCHLIB New Library=neg5V.SCHLIB
Change Component Library : Designator=R1 Old Library=UltraZohm_ADC.SCHLIB New Library=neg5V.SCHLIB
Change Component Library : Designator=R2 Old Library=UltraZohm_ADC.SCHLIB New Library=neg5V.SCHLIB
Change Component Library : Designator=R3 Old Library=UltraZohm_ADC.SCHLIB New Library=neg5V.SCHLIB
Change Component Library : Designator=R5 Old Library=UltraZohm_ADC.SCHLIB New Library=neg5V.SCHLIB
Change Component Library : Designator=R6 Old Library=UltraZohm_ADC.SCHLIB New Library=neg5V.SCHLIB
Change Component Library : Designator=R7 Old Library=UltraZohm_ADC.SCHLIB New Library=neg5V.SCHLIB
Change Component Library : Designator=R8 Old Library=UltraZohm_ADC.SCHLIB New Library=neg5V.SCHLIB
Change Component Library : Designator=R9 Old Library=UltraZohm_ADC.SCHLIB New Library=neg5V.SCHLIB
Change Component Library : Designator=R11 Old Library=UltraZohm_ADC.SCHLIB New Library=neg5V.SCHLIB
Change Component Library : Designator=R12 Old Library=UltraZohm_ADC.SCHLIB New Library=neg5V.SCHLIB
Change Component Library : Designator=R13 Old Library=UltraZohm_ADC.SCHLIB New Library=neg5V.SCHLIB
Change Component Library : Designator=R14 Old Library=UltraZohm_ADC.SCHLIB New Library=neg5V.SCHLIB
Change Component Library : Designator=R15 Old Library=UltraZohm_ADC.SCHLIB New Library=neg5V.SCHLIB
Change Component Library : Designator=R17 Old Library=UltraZohm_ADC.SCHLIB New Library=neg5V.SCHLIB
Change Component Library : Designator=R18 Old Library=UltraZohm_ADC.SCHLIB New Library=neg5V.SCHLIB
Change Component Library : Designator=R21 Old Library=UltraZohm_ADC.SCHLIB New Library=neg5V.SCHLIB
Change Component Library : Designator=U1 Old Library=UltraZohm_ADC.SCHLIB New Library=neg5V.SCHLIB
Change Component Library : Designator=U2 Old Library=UltraZohm_ADC.SCHLIB New Library=neg5V.SCHLIB
Change Component Library : Designator=U3 Old Library=UltraZohm_ADC.SCHLIB New Library=neg5V.SCHLIB
Change Component Library : Designator=U4 Old Library=UltraZohm_ADC.SCHLIB New Library=neg5V.SCHLIB
Change Component Library : Designator=R16 Old Library=UltraZOhm_CarrierBoard.SchLib New Library=neg5V.SCHLIB
Change component parameters: Designator = "C23" ("C23"); Footprint = "CAPC1608X07N"; UniqueID = "\OFLVDMVM" ("\OFLVDMVM")
Change component parameters (AddParameter): Name = "Dielectric"; Value = "X5R"; VariantName = "[No Variations]"
Change component parameters (AddParameter): Name = "MF"; Value = "Murata Electronics"; VariantName = "[No Variations]"
Change component parameters (AddParameter): Name = "MPN"; Value = "GRT188R61H105KE13D"; VariantName = "[No Variations]"
Change component parameters (AddParameter): Name = "Package"; Value = "0603"; VariantName = "[No Variations]"
Change component parameters (AddParameter): Name = "Supplier 1"; Value = "Mouser"; VariantName = "[No Variations]"
Change component parameters (AddParameter): Name = "Supplier 2"; Value = "Digi-Key"; VariantName = "[No Variations]"
Change component parameters (AddParameter): Name = "Supplier Part Number 1"; Value = "81-GRT188R61H105KE3D"; VariantName = "[No Variations]"
Change component parameters (AddParameter): Name = "Supplier Part Number 2"; Value = " 490-12330-1-ND"; VariantName = "[No Variations]"
Change component parameters (AddParameter): Name = "Value"; Value = "1u"; VariantName = "[No Variations]"
Change component parameters (AddParameter): Name = "Voltage"; Value = "50V"; VariantName = "[No Variations]"
Added Component: Designator=J1(PHOE-1714955_V)
Add component (AddParameter): Name = "Approvals"; Value = "UL,CSA,cULus"; VariantName = "[No Variations]"
Add component (AddParameter): Name = "Category"; Value = "Terminal Blocks"; VariantName = "[No Variations]"
Add component (AddParameter): Name = "Color"; Value = "Green"; VariantName = "[No Variations]"
Add component (AddParameter): Name = "ComponentLink1Description"; Value = "https://datasheet.ciiva.com/16071/1714955-16071953.pdf?src-supplier=Onlinecomponents.com"; VariantName = "[No Variations]"
Add component (AddParameter): Name = "ComponentLink1URL"; Value = "https://datasheet.ciiva.com/16071/1714955-16071953.pdf?src-supplier=Onlinecomponents.com"; VariantName = "[No Variations]"
Add component (AddParameter): Name = "ComponentLink2Description"; Value = "https://datasheet.ciiva.com/824/1714955-824307.pdf?src-supplier=Digi-Key"; VariantName = "[No Variations]"
Add component (AddParameter): Name = "ComponentLink2URL"; Value = "https://datasheet.ciiva.com/824/1714955-824307.pdf?src-supplier=Digi-Key"; VariantName = "[No Variations]"
Add component (AddParameter): Name = "ComponentLink3Description"; Value = "https://datasheet.ciiva.com/1120/100944-1120389.pdf?src-supplier=Farnell"; VariantName = "[No Variations]"
Add component (AddParameter): Name = "ComponentLink3URL"; Value = "https://datasheet.ciiva.com/1120/100944-1120389.pdf?src-supplier=Farnell"; VariantName = "[No Variations]"
Add component (AddParameter): Name = "ComponentLink4Description"; Value = "https://datasheet.ciiva.com/15169/getdatasheetpartid-177883-15169653.pdf?src-supplier=Verical"; VariantName = "[No Variations]"
Add component (AddParameter): Name = "ComponentLink4URL"; Value = "https://datasheet.ciiva.com/15169/getdatasheetpartid-177883-15169653.pdf?src-supplier=Verical"; VariantName = "[No Variations]"
Add component (AddParameter): Name = "ComponentLink5Description"; Value = "https://datasheet.ciiva.com/1118/100944-1118422.pdf?src-supplier=Element14"; VariantName = "[No Variations]"
Add component (AddParameter): Name = "ComponentLink5URL"; Value = "https://datasheet.ciiva.com/1118/100944-1118422.pdf?src-supplier=Element14"; VariantName = "[No Variations]"
Add component (AddParameter): Name = "ComponentLink6Description"; Value = "https://datasheet.ciiva.com/14607/70054427-14607514.pdf?src-supplier=Allied+Electronics"; VariantName = "[No Variations]"
Add component (AddParameter): Name = "ComponentLink6URL"; Value = "https://datasheet.ciiva.com/14607/70054427-14607514.pdf?src-supplier=Allied+Electronics"; VariantName = "[No Variations]"
Add component (AddParameter): Name = "ComponentLink7Description"; Value = "https://datasheet.ciiva.com/29218/744545-da-01-en-printklemme-mkds-5-2-6-35-29218282.pdf?src-supplier=Conrad"; VariantName = "[No Variations]"
Add component (AddParameter): Name = "ComponentLink7URL"; Value = "https://datasheet.ciiva.com/29218/744545-da-01-en-printklemme-mkds-5-2-6-35-29218282.pdf?src-supplier=Conrad"; VariantName = "[No Variations]"
Add component (AddParameter): Name = "Connector Type"; Value = "PCB,Terminal Block"; VariantName = "[No Variations]"
Add component (AddParameter): Name = "Contact Material"; Value = "Tin"; VariantName = "[No Variations]"
Add component (AddParameter): Name = "Current"; Value = "30A"; VariantName = "[No Variations]"
Add component (AddParameter): Name = "Current Rating"; Value = "32A"; VariantName = "[No Variations]"
Add component (AddParameter): Name = "Depth"; Value = "12.5mm"; VariantName = "[No Variations]"
Add component (AddParameter): Name = "Flammability Rating"; Value = "UL94 V-0"; VariantName = "[No Variations]"
Add component (AddParameter): Name = "Gender"; Value = "Male"; VariantName = "[No Variations]"
Add component (AddParameter): Name = "Height"; Value = "26.6mm"; VariantName = "[No Variations]"
Add component (AddParameter): Name = "Housing Color"; Value = "Green"; VariantName = "[No Variations]"
Add component (AddParameter): Name = "Housing Material"; Value = "Polyamide"; VariantName = "[No Variations]"
Add component (AddParameter): Name = "Insulation Material"; Value = "Nylon"; VariantName = "[No Variations]"
Add component (AddParameter): Name = "Lead Free"; Value = "Lead Free"; VariantName = "[No Variations]"
Add component (AddParameter): Name = "Length"; Value = "12.7mm"; VariantName = "[No Variations]"
Add component (AddParameter): Name = "Manufacturer"; Value = "Phoenix Contact"; VariantName = "[No Variations]"
Add component (AddParameter): Name = "Manufacturer Part Number"; Value = "1714955"; VariantName = "[No Variations]"
Add component (AddParameter): Name = "Material"; Value = "Polyamide"; VariantName = "[No Variations]"
Add component (AddParameter): Name = "Max Current Rating"; Value = "32A"; VariantName = "[No Variations]"
Add component (AddParameter): Name = "Max Supply Voltage"; Value = "500V"; VariantName = "[No Variations]"
Add component (AddParameter): Name = "Mount"; Value = "Through Hole"; VariantName = "[No Variations]"
Add component (AddParameter): Name = "Number of Circuits"; Value = "2"; VariantName = "[No Variations]"
Add component (AddParameter): Name = "Number of Contacts"; Value = "2"; VariantName = "[No Variations]"
Add component (AddParameter): Name = "Number of Levels"; Value = "1"; VariantName = "[No Variations]"
Add component (AddParameter): Name = "Number of Pins"; Value = "2"; VariantName = "[No Variations]"
Add component (AddParameter): Name = "Number of Poles"; Value = "2"; VariantName = "[No Variations]"
Add component (AddParameter): Name = "Number of Positions"; Value = "2"; VariantName = "[No Variations]"
Add component (AddParameter): Name = "Number of Positions Per Level"; Value = "2"; VariantName = "[No Variations]"
Add component (AddParameter): Name = "Number of Rows"; Value = "1"; VariantName = "[No Variations]"
Add component (AddParameter): Name = "Orientation"; Value = "Straight"; VariantName = "[No Variations]"
Add component (AddParameter): Name = "Package Quantity"; Value = "50"; VariantName = "[No Variations]"
Add component (AddParameter): Name = "Packaging"; Value = "Bulk"; VariantName = "[No Variations]"
Add component (AddParameter): Name = "Pitch"; Value = "6.35mm"; VariantName = "[No Variations]"
Add component (AddParameter): Name = "Radiation Hardening"; Value = "No"; VariantName = "[No Variations]"
Add component (AddParameter): Name = "REACH SVHC"; Value = "No SVHC"; VariantName = "[No Variations]"
Add component (AddParameter): Name = "RoHS"; Value = "Yes"; VariantName = "[No Variations]"
Add component (AddParameter): Name = "Stock 1"; Value = "477"; VariantName = "[No Variations]"
Add component (AddParameter): Name = "Stripping Length"; Value = "8mm"; VariantName = "[No Variations]"
Add component (AddParameter): Name = "Supplier 1"; Value = "Mouser"; VariantName = "[No Variations]"
Add component (AddParameter): Name = "Supplier Part Number 1"; Value = "651-1714955"; VariantName = "[No Variations]"
Add component (AddParameter): Name = "Termination"; Value = "Screw"; VariantName = "[No Variations]"
Add component (AddParameter): Name = "Voltage"; Value = "300V"; VariantName = "[No Variations]"
Add component (AddParameter): Name = "Voltage Rating"; Value = "630V"; VariantName = "[No Variations]"
Add component (AddParameter): Name = "Weight"; Value = "0.197534oz"; VariantName = "[No Variations]"
Add component (AddParameter): Name = "Width"; Value = "26.6mm"; VariantName = "[No Variations]"
Add component (AddParameter): Name = "Wire Gauge (Max)"; Value = "24AWG"; VariantName = "[No Variations]"
Add component (AddParameter): Name = "Wire Gauge (Min)"; Value = "10AWG"; VariantName = "[No Variations]"
Add component (AddParameter): Name = "Wire/Cable Gauge"; Value = "24AWG"; VariantName = "[No Variations]"
Added Component: Designator=J2(PHOE-1714955_V)
Add component (AddParameter): Name = "Approvals"; Value = "UL,CSA,cULus"; VariantName = "[No Variations]"
Add component (AddParameter): Name = "Category"; Value = "Terminal Blocks"; VariantName = "[No Variations]"
Add component (AddParameter): Name = "Color"; Value = "Green"; VariantName = "[No Variations]"
Add component (AddParameter): Name = "ComponentLink1Description"; Value = "https://datasheet.ciiva.com/16071/1714955-16071953.pdf?src-supplier=Onlinecomponents.com"; VariantName = "[No Variations]"
Add component (AddParameter): Name = "ComponentLink1URL"; Value = "https://datasheet.ciiva.com/16071/1714955-16071953.pdf?src-supplier=Onlinecomponents.com"; VariantName = "[No Variations]"
Add component (AddParameter): Name = "ComponentLink2Description"; Value = "https://datasheet.ciiva.com/824/1714955-824307.pdf?src-supplier=Digi-Key"; VariantName = "[No Variations]"
Add component (AddParameter): Name = "ComponentLink2URL"; Value = "https://datasheet.ciiva.com/824/1714955-824307.pdf?src-supplier=Digi-Key"; VariantName = "[No Variations]"
Add component (AddParameter): Name = "ComponentLink3Description"; Value = "https://datasheet.ciiva.com/1120/100944-1120389.pdf?src-supplier=Farnell"; VariantName = "[No Variations]"
Add component (AddParameter): Name = "ComponentLink3URL"; Value = "https://datasheet.ciiva.com/1120/100944-1120389.pdf?src-supplier=Farnell"; VariantName = "[No Variations]"
Add component (AddParameter): Name = "ComponentLink4Description"; Value = "https://datasheet.ciiva.com/15169/getdatasheetpartid-177883-15169653.pdf?src-supplier=Verical"; VariantName = "[No Variations]"
Add component (AddParameter): Name = "ComponentLink4URL"; Value = "https://datasheet.ciiva.com/15169/getdatasheetpartid-177883-15169653.pdf?src-supplier=Verical"; VariantName = "[No Variations]"
Add component (AddParameter): Name = "ComponentLink5Description"; Value = "https://datasheet.ciiva.com/1118/100944-1118422.pdf?src-supplier=Element14"; VariantName = "[No Variations]"
Add component (AddParameter): Name = "ComponentLink5URL"; Value = "https://datasheet.ciiva.com/1118/100944-1118422.pdf?src-supplier=Element14"; VariantName = "[No Variations]"
Add component (AddParameter): Name = "ComponentLink6Description"; Value = "https://datasheet.ciiva.com/14607/70054427-14607514.pdf?src-supplier=Allied+Electronics"; VariantName = "[No Variations]"
Add component (AddParameter): Name = "ComponentLink6URL"; Value = "https://datasheet.ciiva.com/14607/70054427-14607514.pdf?src-supplier=Allied+Electronics"; VariantName = "[No Variations]"
Add component (AddParameter): Name = "ComponentLink7Description"; Value = "https://datasheet.ciiva.com/29218/744545-da-01-en-printklemme-mkds-5-2-6-35-29218282.pdf?src-supplier=Conrad"; VariantName = "[No Variations]"
Add component (AddParameter): Name = "ComponentLink7URL"; Value = "https://datasheet.ciiva.com/29218/744545-da-01-en-printklemme-mkds-5-2-6-35-29218282.pdf?src-supplier=Conrad"; VariantName = "[No Variations]"
Add component (AddParameter): Name = "Connector Type"; Value = "PCB,Terminal Block"; VariantName = "[No Variations]"
Add component (AddParameter): Name = "Contact Material"; Value = "Tin"; VariantName = "[No Variations]"
Add component (AddParameter): Name = "Current"; Value = "30A"; VariantName = "[No Variations]"
Add component (AddParameter): Name = "Current Rating"; Value = "32A"; VariantName = "[No Variations]"
Add component (AddParameter): Name = "Depth"; Value = "12.5mm"; VariantName = "[No Variations]"
Add component (AddParameter): Name = "Flammability Rating"; Value = "UL94 V-0"; VariantName = "[No Variations]"
Add component (AddParameter): Name = "Gender"; Value = "Male"; VariantName = "[No Variations]"
Add component (AddParameter): Name = "Height"; Value = "26.6mm"; VariantName = "[No Variations]"
Add component (AddParameter): Name = "Housing Color"; Value = "Green"; VariantName = "[No Variations]"
Add component (AddParameter): Name = "Housing Material"; Value = "Polyamide"; VariantName = "[No Variations]"
Add component (AddParameter): Name = "Insulation Material"; Value = "Nylon"; VariantName = "[No Variations]"
Add component (AddParameter): Name = "Lead Free"; Value = "Lead Free"; VariantName = "[No Variations]"
Add component (AddParameter): Name = "Length"; Value = "12.7mm"; VariantName = "[No Variations]"
Add component (AddParameter): Name = "Manufacturer"; Value = "Phoenix Contact"; VariantName = "[No Variations]"
Add component (AddParameter): Name = "Manufacturer Part Number"; Value = "1714955"; VariantName = "[No Variations]"
Add component (AddParameter): Name = "Material"; Value = "Polyamide"; VariantName = "[No Variations]"
Add component (AddParameter): Name = "Max Current Rating"; Value = "32A"; VariantName = "[No Variations]"
Add component (AddParameter): Name = "Max Supply Voltage"; Value = "500V"; VariantName = "[No Variations]"
Add component (AddParameter): Name = "Mount"; Value = "Through Hole"; VariantName = "[No Variations]"
Add component (AddParameter): Name = "Number of Circuits"; Value = "2"; VariantName = "[No Variations]"
Add component (AddParameter): Name = "Number of Contacts"; Value = "2"; VariantName = "[No Variations]"
Add component (AddParameter): Name = "Number of Levels"; Value = "1"; VariantName = "[No Variations]"
Add component (AddParameter): Name = "Number of Pins"; Value = "2"; VariantName = "[No Variations]"
Add component (AddParameter): Name = "Number of Poles"; Value = "2"; VariantName = "[No Variations]"
Add component (AddParameter): Name = "Number of Positions"; Value = "2"; VariantName = "[No Variations]"
Add component (AddParameter): Name = "Number of Positions Per Level"; Value = "2"; VariantName = "[No Variations]"
Add component (AddParameter): Name = "Number of Rows"; Value = "1"; VariantName = "[No Variations]"
Add component (AddParameter): Name = "Orientation"; Value = "Straight"; VariantName = "[No Variations]"
Add component (AddParameter): Name = "Package Quantity"; Value = "50"; VariantName = "[No Variations]"
Add component (AddParameter): Name = "Packaging"; Value = "Bulk"; VariantName = "[No Variations]"
Add component (AddParameter): Name = "Pitch"; Value = "6.35mm"; VariantName = "[No Variations]"
Add component (AddParameter): Name = "Radiation Hardening"; Value = "No"; VariantName = "[No Variations]"
Add component (AddParameter): Name = "REACH SVHC"; Value = "No SVHC"; VariantName = "[No Variations]"
Add component (AddParameter): Name = "RoHS"; Value = "Yes"; VariantName = "[No Variations]"
Add component (AddParameter): Name = "Stock 1"; Value = "477"; VariantName = "[No Variations]"
Add component (AddParameter): Name = "Stripping Length"; Value = "8mm"; VariantName = "[No Variations]"
Add component (AddParameter): Name = "Supplier 1"; Value = "Mouser"; VariantName = "[No Variations]"
Add component (AddParameter): Name = "Supplier Part Number 1"; Value = "651-1714955"; VariantName = "[No Variations]"
Add component (AddParameter): Name = "Termination"; Value = "Screw"; VariantName = "[No Variations]"
Add component (AddParameter): Name = "Voltage"; Value = "300V"; VariantName = "[No Variations]"
Add component (AddParameter): Name = "Voltage Rating"; Value = "630V"; VariantName = "[No Variations]"
Add component (AddParameter): Name = "Weight"; Value = "0.197534oz"; VariantName = "[No Variations]"
Add component (AddParameter): Name = "Width"; Value = "26.6mm"; VariantName = "[No Variations]"
Add component (AddParameter): Name = "Wire Gauge (Max)"; Value = "24AWG"; VariantName = "[No Variations]"
Add component (AddParameter): Name = "Wire Gauge (Min)"; Value = "10AWG"; VariantName = "[No Variations]"
Add component (AddParameter): Name = "Wire/Cable Gauge"; Value = "24AWG"; VariantName = "[No Variations]"
Added Component: Designator=J4(142-0701-801)
Add component (AddParameter): Name = "Body Material"; Value = "Brass"; VariantName = "[No Variations]"
Add component (AddParameter): Name = "Body Plating"; Value = "Gold"; VariantName = "[No Variations]"
Add component (AddParameter): Name = "Case/Package"; Value = "SMA"; VariantName = "[No Variations]"
Add component (AddParameter): Name = "Category"; Value = "RF / Coaxial Connectors"; VariantName = "[No Variations]"
Add component (AddParameter): Name = "ComponentLink1Description"; Value = "http://www.belfuse.com/resources/Johnson/drawings/dr-1420701801.pdf?src-supplier=Digi-Key"; VariantName = "[No Variations]"
Add component (AddParameter): Name = "ComponentLink1URL"; Value = "http://www.belfuse.com/resources/Johnson/drawings/dr-1420701801.pdf?src-supplier=Digi-Key"; VariantName = "[No Variations]"
Add component (AddParameter): Name = "ComponentLink2Description"; Value = "http://www.farnell.com/datasheets/2048966.pdf?src-supplier=Newark"; VariantName = "[No Variations]"
Add component (AddParameter): Name = "ComponentLink2URL"; Value = "http://www.farnell.com/datasheets/2048966.pdf?src-supplier=Newark"; VariantName = "[No Variations]"
Add component (AddParameter): Name = "ComponentLink3Description"; Value = "https://cinchconnectivity.com/OA_HTML/ibeCCtpItmDspRte.jsp?item=4253257&src-supplier=Mouser"; VariantName = "[No Variations]"
Add component (AddParameter): Name = "ComponentLink3URL"; Value = "https://cinchconnectivity.com/OA_HTML/ibeCCtpItmDspRte.jsp?item=4253257&src-supplier=Mouser"; VariantName = "[No Variations]"
Add component (AddParameter): Name = "Connector Type"; Value = "SMA,Socket"; VariantName = "[No Variations]"
Add component (AddParameter): Name = "Contact Material"; Value = "Copper"; VariantName = "[No Variations]"
Add component (AddParameter): Name = "Contact Plating"; Value = "Gold"; VariantName = "[No Variations]"
Add component (AddParameter): Name = "Dielectric Material"; Value = "PTFE"; VariantName = "[No Variations]"
Add component (AddParameter): Name = "Fastening Type"; Value = "Threaded"; VariantName = "[No Variations]"
Add component (AddParameter): Name = "Gender"; Value = "Female"; VariantName = "[No Variations]"
Add component (AddParameter): Name = "Housing Color"; Value = "Gold"; VariantName = "[No Variations]"
Add component (AddParameter): Name = "Impedance"; Value = "50R"; VariantName = "[No Variations]"
Add component (AddParameter): Name = "Manufacturer"; Value = "Bel Johnson"; VariantName = "[No Variations]"
Add component (AddParameter): Name = "Manufacturer Part Number"; Value = "142-0701-801"; VariantName = "[No Variations]"
Add component (AddParameter): Name = "Max Frequency"; Value = "18GHz"; VariantName = "[No Variations]"
Add component (AddParameter): Name = "Max Operating Temperature"; Value = "165°C"; VariantName = "[No Variations]"
Add component (AddParameter): Name = "Min Operating Temperature"; Value = "-65°C"; VariantName = "[No Variations]"
Add component (AddParameter): Name = "Mount"; Value = "Edge"; VariantName = "[No Variations]"
Add component (AddParameter): Name = "Orientation"; Value = "Straight"; VariantName = "[No Variations]"
Add component (AddParameter): Name = "Package Quantity"; Value = "25"; VariantName = "[No Variations]"
Add component (AddParameter): Name = "Packaging"; Value = "Bulk"; VariantName = "[No Variations]"
Add component (AddParameter): Name = "RoHS"; Value = "Yes"; VariantName = "[No Variations]"
Add component (AddParameter): Name = "Stock 1"; Value = "12385"; VariantName = "[No Variations]"
Add component (AddParameter): Name = "Supplier 1"; Value = "Mouser"; VariantName = "[No Variations]"
Add component (AddParameter): Name = "Supplier Part Number 1"; Value = "530-142-0701-801"; VariantName = "[No Variations]"
Add component (AddParameter): Name = "Termination"; Value = "Solder"; VariantName = "[No Variations]"
Add component (AddParameter): Name = "Voltage Rating"; Value = "335V"; VariantName = "[No Variations]"
Added Component: Designator=J5(142-0701-801)
Add component (AddParameter): Name = "Body Material"; Value = "Brass"; VariantName = "[No Variations]"
Add component (AddParameter): Name = "Body Plating"; Value = "Gold"; VariantName = "[No Variations]"
Add component (AddParameter): Name = "Case/Package"; Value = "SMA"; VariantName = "[No Variations]"
Add component (AddParameter): Name = "Category"; Value = "RF / Coaxial Connectors"; VariantName = "[No Variations]"
Add component (AddParameter): Name = "ComponentLink1Description"; Value = "http://www.belfuse.com/resources/Johnson/drawings/dr-1420701801.pdf?src-supplier=Digi-Key"; VariantName = "[No Variations]"
Add component (AddParameter): Name = "ComponentLink1URL"; Value = "http://www.belfuse.com/resources/Johnson/drawings/dr-1420701801.pdf?src-supplier=Digi-Key"; VariantName = "[No Variations]"
Add component (AddParameter): Name = "ComponentLink2Description"; Value = "http://www.farnell.com/datasheets/2048966.pdf?src-supplier=Newark"; VariantName = "[No Variations]"
Add component (AddParameter): Name = "ComponentLink2URL"; Value = "http://www.farnell.com/datasheets/2048966.pdf?src-supplier=Newark"; VariantName = "[No Variations]"
Add component (AddParameter): Name = "ComponentLink3Description"; Value = "https://cinchconnectivity.com/OA_HTML/ibeCCtpItmDspRte.jsp?item=4253257&src-supplier=Mouser"; VariantName = "[No Variations]"
Add component (AddParameter): Name = "ComponentLink3URL"; Value = "https://cinchconnectivity.com/OA_HTML/ibeCCtpItmDspRte.jsp?item=4253257&src-supplier=Mouser"; VariantName = "[No Variations]"
Add component (AddParameter): Name = "Connector Type"; Value = "SMA,Socket"; VariantName = "[No Variations]"
Add component (AddParameter): Name = "Contact Material"; Value = "Copper"; VariantName = "[No Variations]"
Add component (AddParameter): Name = "Contact Plating"; Value = "Gold"; VariantName = "[No Variations]"
Add component (AddParameter): Name = "Dielectric Material"; Value = "PTFE"; VariantName = "[No Variations]"
Add component (AddParameter): Name = "Fastening Type"; Value = "Threaded"; VariantName = "[No Variations]"
Add component (AddParameter): Name = "Gender"; Value = "Female"; VariantName = "[No Variations]"
Add component (AddParameter): Name = "Housing Color"; Value = "Gold"; VariantName = "[No Variations]"
Add component (AddParameter): Name = "Impedance"; Value = "50R"; VariantName = "[No Variations]"
Add component (AddParameter): Name = "Manufacturer"; Value = "Bel Johnson"; VariantName = "[No Variations]"
Add component (AddParameter): Name = "Manufacturer Part Number"; Value = "142-0701-801"; VariantName = "[No Variations]"
Add component (AddParameter): Name = "Max Frequency"; Value = "18GHz"; VariantName = "[No Variations]"
Add component (AddParameter): Name = "Max Operating Temperature"; Value = "165°C"; VariantName = "[No Variations]"
Add component (AddParameter): Name = "Min Operating Temperature"; Value = "-65°C"; VariantName = "[No Variations]"
Add component (AddParameter): Name = "Mount"; Value = "Edge"; VariantName = "[No Variations]"
Add component (AddParameter): Name = "Orientation"; Value = "Straight"; VariantName = "[No Variations]"
Add component (AddParameter): Name = "Package Quantity"; Value = "25"; VariantName = "[No Variations]"
Add component (AddParameter): Name = "Packaging"; Value = "Bulk"; VariantName = "[No Variations]"
Add component (AddParameter): Name = "RoHS"; Value = "Yes"; VariantName = "[No Variations]"
Add component (AddParameter): Name = "Stock 1"; Value = "12385"; VariantName = "[No Variations]"
Add component (AddParameter): Name = "Supplier 1"; Value = "Mouser"; VariantName = "[No Variations]"
Add component (AddParameter): Name = "Supplier Part Number 1"; Value = "530-142-0701-801"; VariantName = "[No Variations]"
Add component (AddParameter): Name = "Termination"; Value = "Solder"; VariantName = "[No Variations]"
Add component (AddParameter): Name = "Voltage Rating"; Value = "335V"; VariantName = "[No Variations]"
Added Component: Designator=J6(TECO-5-1634503-1_V)
Add component (AddParameter): Name = "Body Material"; Value = "Zinc"; VariantName = "[No Variations]"
Add component (AddParameter): Name = "Body Plating"; Value = "Nickel"; VariantName = "[No Variations]"
Add component (AddParameter): Name = "Category"; Value = "RF / Coaxial Connectors"; VariantName = "[No Variations]"
Add component (AddParameter): Name = "ComponentLink1Description"; Value = "https://datasheet.ciiva.com/9421/eng-cd-1634503-c-9421987.pdf?src-supplier=Avnet"; VariantName = "[No Variations]"
Add component (AddParameter): Name = "ComponentLink1URL"; Value = "https://datasheet.ciiva.com/9421/eng-cd-1634503-c-9421987.pdf?src-supplier=Avnet"; VariantName = "[No Variations]"
Add component (AddParameter): Name = "ComponentLink2Description"; Value = "https://datasheet.ciiva.com/642/eng-cd-1634503-e-642757.pdf?src-supplier=Digi-Key"; VariantName = "[No Variations]"
Add component (AddParameter): Name = "ComponentLink2URL"; Value = "https://datasheet.ciiva.com/642/eng-cd-1634503-e-642757.pdf?src-supplier=Digi-Key"; VariantName = "[No Variations]"
Add component (AddParameter): Name = "ComponentLink3Description"; Value = "https://datasheet.ciiva.com/30141/eng-cd-1634503-c-30141260.pdf?src-supplier=Onlinecomponents.com"; VariantName = "[No Variations]"
Add component (AddParameter): Name = "ComponentLink3URL"; Value = "https://datasheet.ciiva.com/30141/eng-cd-1634503-c-30141260.pdf?src-supplier=Onlinecomponents.com"; VariantName = "[No Variations]"
Add component (AddParameter): Name = "ComponentLink4Description"; Value = "https://datasheet.ciiva.com/11762/0900766b806ccb99-11762655.pdf?src-supplier=RSComponents"; VariantName = "[No Variations]"
Add component (AddParameter): Name = "ComponentLink4URL"; Value = "https://datasheet.ciiva.com/11762/0900766b806ccb99-11762655.pdf?src-supplier=RSComponents"; VariantName = "[No Variations]"
Add component (AddParameter): Name = "ComponentLink5Description"; Value = "https://datasheet.ciiva.com/1448/1663562-1448576.pdf?src-supplier=Element14"; VariantName = "[No Variations]"
Add component (AddParameter): Name = "ComponentLink5URL"; Value = "https://datasheet.ciiva.com/1448/1663562-1448576.pdf?src-supplier=Element14"; VariantName = "[No Variations]"
Add component (AddParameter): Name = "ComponentLink6Description"; Value = "https://datasheet.ciiva.com/16652/eng-cd-1634503-c-16652893.pdf?src-supplier=Avnet+Europe"; VariantName = "[No Variations]"
Add component (AddParameter): Name = "ComponentLink6URL"; Value = "https://datasheet.ciiva.com/16652/eng-cd-1634503-c-16652893.pdf?src-supplier=Avnet+Europe"; VariantName = "[No Variations]"
Add component (AddParameter): Name = "Connector System"; Value = "Cable-to-Board"; VariantName = "[No Variations]"
Add component (AddParameter): Name = "Connector Type"; Value = "BNC,Jack"; VariantName = "[No Variations]"
Add component (AddParameter): Name = "Contact Material"; Value = "Bronze"; VariantName = "[No Variations]"
Add component (AddParameter): Name = "Contact Plating"; Value = "Gold"; VariantName = "[No Variations]"
Add component (AddParameter): Name = "Depth"; Value = "11mm"; VariantName = "[No Variations]"
Add component (AddParameter): Name = "Dielectric Material"; Value = "Polymethylpentene"; VariantName = "[No Variations]"
Add component (AddParameter): Name = "ELV"; Value = "Compliant"; VariantName = "[No Variations]"
Add component (AddParameter): Name = "Fastening Type"; Value = "Bayonet"; VariantName = "[No Variations]"
Add component (AddParameter): Name = "Frequency"; Value = "4GHz"; VariantName = "[No Variations]"
Add component (AddParameter): Name = "Gender"; Value = "Female"; VariantName = "[No Variations]"
Add component (AddParameter): Name = "Impedance"; Value = "50R"; VariantName = "[No Variations]"
Add component (AddParameter): Name = "Insulation Material"; Value = "Polymethylpentene"; VariantName = "[No Variations]"
Add component (AddParameter): Name = "Insulation Resistance"; Value = "5GR"; VariantName = "[No Variations]"
Add component (AddParameter): Name = "Length"; Value = "13.7mm"; VariantName = "[No Variations]"
Add component (AddParameter): Name = "Manufacturer"; Value = "TE Connectivity"; VariantName = "[No Variations]"
Add component (AddParameter): Name = "Manufacturer Part Number"; Value = "5-1634503-1"; VariantName = "[No Variations]"
Add component (AddParameter): Name = "Max Frequency"; Value = "4GHz"; VariantName = "[No Variations]"
Add component (AddParameter): Name = "Max Operating Temperature"; Value = "185°C"; VariantName = "[No Variations]"
Add component (AddParameter): Name = "Min Operating Temperature"; Value = "-67°C"; VariantName = "[No Variations]"
Add component (AddParameter): Name = "Mount"; Value = "Through Hole,PCB"; VariantName = "[No Variations]"
Add component (AddParameter): Name = "Number of Positions"; Value = "1"; VariantName = "[No Variations]"
Add component (AddParameter): Name = "Orientation"; Value = "Straight"; VariantName = "[No Variations]"
Add component (AddParameter): Name = "Package Quantity"; Value = "100"; VariantName = "[No Variations]"
Add component (AddParameter): Name = "Packaging"; Value = "Box"; VariantName = "[No Variations]"
Add component (AddParameter): Name = "PCB Mount Retention"; Value = "With"; VariantName = "[No Variations]"
Add component (AddParameter): Name = "PCB Thickness"; Value = "0.126inch"; VariantName = "[No Variations]"
Add component (AddParameter): Name = "Polarity"; Value = "Standard,Normal"; VariantName = "[No Variations]"
Add component (AddParameter): Name = "Radiation Hardening"; Value = "No"; VariantName = "[No Variations]"
Add component (AddParameter): Name = "REACH SVHC"; Value = "No SVHC"; VariantName = "[No Variations]"
Add component (AddParameter): Name = "RoHS"; Value = "Yes"; VariantName = "[No Variations]"
Add component (AddParameter): Name = "Sealable"; Value = "No (Without)"; VariantName = "[No Variations]"
Add component (AddParameter): Name = "Stock 1"; Value = "5615"; VariantName = "[No Variations]"
Add component (AddParameter): Name = "Supplier 1"; Value = "Mouser"; VariantName = "[No Variations]"
Add component (AddParameter): Name = "Supplier Part Number 1"; Value = "571-5-1634503-1"; VariantName = "[No Variations]"
Add component (AddParameter): Name = "Tail Length"; Value = "0.177inch"; VariantName = "[No Variations]"
Add component (AddParameter): Name = "Termination"; Value = "Solder"; VariantName = "[No Variations]"
Added Component: Designator=J7(TECO-5-1634503-1_V)
Add component (AddParameter): Name = "Body Material"; Value = "Zinc"; VariantName = "[No Variations]"
Add component (AddParameter): Name = "Body Plating"; Value = "Nickel"; VariantName = "[No Variations]"
Add component (AddParameter): Name = "Category"; Value = "RF / Coaxial Connectors"; VariantName = "[No Variations]"
Add component (AddParameter): Name = "ComponentLink1Description"; Value = "https://datasheet.ciiva.com/9421/eng-cd-1634503-c-9421987.pdf?src-supplier=Avnet"; VariantName = "[No Variations]"
Add component (AddParameter): Name = "ComponentLink1URL"; Value = "https://datasheet.ciiva.com/9421/eng-cd-1634503-c-9421987.pdf?src-supplier=Avnet"; VariantName = "[No Variations]"
Add component (AddParameter): Name = "ComponentLink2Description"; Value = "https://datasheet.ciiva.com/642/eng-cd-1634503-e-642757.pdf?src-supplier=Digi-Key"; VariantName = "[No Variations]"
Add component (AddParameter): Name = "ComponentLink2URL"; Value = "https://datasheet.ciiva.com/642/eng-cd-1634503-e-642757.pdf?src-supplier=Digi-Key"; VariantName = "[No Variations]"
Add component (AddParameter): Name = "ComponentLink3Description"; Value = "https://datasheet.ciiva.com/30141/eng-cd-1634503-c-30141260.pdf?src-supplier=Onlinecomponents.com"; VariantName = "[No Variations]"
Add component (AddParameter): Name = "ComponentLink3URL"; Value = "https://datasheet.ciiva.com/30141/eng-cd-1634503-c-30141260.pdf?src-supplier=Onlinecomponents.com"; VariantName = "[No Variations]"
Add component (AddParameter): Name = "ComponentLink4Description"; Value = "https://datasheet.ciiva.com/11762/0900766b806ccb99-11762655.pdf?src-supplier=RSComponents"; VariantName = "[No Variations]"
Add component (AddParameter): Name = "ComponentLink4URL"; Value = "https://datasheet.ciiva.com/11762/0900766b806ccb99-11762655.pdf?src-supplier=RSComponents"; VariantName = "[No Variations]"
Add component (AddParameter): Name = "ComponentLink5Description"; Value = "https://datasheet.ciiva.com/1448/1663562-1448576.pdf?src-supplier=Element14"; VariantName = "[No Variations]"
Add component (AddParameter): Name = "ComponentLink5URL"; Value = "https://datasheet.ciiva.com/1448/1663562-1448576.pdf?src-supplier=Element14"; VariantName = "[No Variations]"
Add component (AddParameter): Name = "ComponentLink6Description"; Value = "https://datasheet.ciiva.com/16652/eng-cd-1634503-c-16652893.pdf?src-supplier=Avnet+Europe"; VariantName = "[No Variations]"
Add component (AddParameter): Name = "ComponentLink6URL"; Value = "https://datasheet.ciiva.com/16652/eng-cd-1634503-c-16652893.pdf?src-supplier=Avnet+Europe"; VariantName = "[No Variations]"
Add component (AddParameter): Name = "Connector System"; Value = "Cable-to-Board"; VariantName = "[No Variations]"
Add component (AddParameter): Name = "Connector Type"; Value = "BNC,Jack"; VariantName = "[No Variations]"
Add component (AddParameter): Name = "Contact Material"; Value = "Bronze"; VariantName = "[No Variations]"
Add component (AddParameter): Name = "Contact Plating"; Value = "Gold"; VariantName = "[No Variations]"
Add component (AddParameter): Name = "Depth"; Value = "11mm"; VariantName = "[No Variations]"
Add component (AddParameter): Name = "Dielectric Material"; Value = "Polymethylpentene"; VariantName = "[No Variations]"
Add component (AddParameter): Name = "ELV"; Value = "Compliant"; VariantName = "[No Variations]"
Add component (AddParameter): Name = "Fastening Type"; Value = "Bayonet"; VariantName = "[No Variations]"
Add component (AddParameter): Name = "Frequency"; Value = "4GHz"; VariantName = "[No Variations]"
Add component (AddParameter): Name = "Gender"; Value = "Female"; VariantName = "[No Variations]"
Add component (AddParameter): Name = "Impedance"; Value = "50R"; VariantName = "[No Variations]"
Add component (AddParameter): Name = "Insulation Material"; Value = "Polymethylpentene"; VariantName = "[No Variations]"
Add component (AddParameter): Name = "Insulation Resistance"; Value = "5GR"; VariantName = "[No Variations]"
Add component (AddParameter): Name = "Length"; Value = "13.7mm"; VariantName = "[No Variations]"
Add component (AddParameter): Name = "Manufacturer"; Value = "TE Connectivity"; VariantName = "[No Variations]"
Add component (AddParameter): Name = "Manufacturer Part Number"; Value = "5-1634503-1"; VariantName = "[No Variations]"
Add component (AddParameter): Name = "Max Frequency"; Value = "4GHz"; VariantName = "[No Variations]"
Add component (AddParameter): Name = "Max Operating Temperature"; Value = "185°C"; VariantName = "[No Variations]"
Add component (AddParameter): Name = "Min Operating Temperature"; Value = "-67°C"; VariantName = "[No Variations]"
Add component (AddParameter): Name = "Mount"; Value = "Through Hole,PCB"; VariantName = "[No Variations]"
Add component (AddParameter): Name = "Number of Positions"; Value = "1"; VariantName = "[No Variations]"
Add component (AddParameter): Name = "Orientation"; Value = "Straight"; VariantName = "[No Variations]"
Add component (AddParameter): Name = "Package Quantity"; Value = "100"; VariantName = "[No Variations]"
Add component (AddParameter): Name = "Packaging"; Value = "Box"; VariantName = "[No Variations]"
Add component (AddParameter): Name = "PCB Mount Retention"; Value = "With"; VariantName = "[No Variations]"
Add component (AddParameter): Name = "PCB Thickness"; Value = "0.126inch"; VariantName = "[No Variations]"
Add component (AddParameter): Name = "Polarity"; Value = "Standard,Normal"; VariantName = "[No Variations]"
Add component (AddParameter): Name = "Radiation Hardening"; Value = "No"; VariantName = "[No Variations]"
Add component (AddParameter): Name = "REACH SVHC"; Value = "No SVHC"; VariantName = "[No Variations]"
Add component (AddParameter): Name = "RoHS"; Value = "Yes"; VariantName = "[No Variations]"
Add component (AddParameter): Name = "Sealable"; Value = "No (Without)"; VariantName = "[No Variations]"
Add component (AddParameter): Name = "Stock 1"; Value = "5615"; VariantName = "[No Variations]"
Add component (AddParameter): Name = "Supplier 1"; Value = "Mouser"; VariantName = "[No Variations]"
Add component (AddParameter): Name = "Supplier Part Number 1"; Value = "571-5-1634503-1"; VariantName = "[No Variations]"
Add component (AddParameter): Name = "Tail Length"; Value = "0.177inch"; VariantName = "[No Variations]"
Add component (AddParameter): Name = "Termination"; Value = "Solder"; VariantName = "[No Variations]"
Added Component: Designator=TP1(TP_5006)
Add component (AddParameter): Name = "Body Material"; Value = "PBT"; VariantName = "[No Variations]"
Add component (AddParameter): Name = "Category"; Value = "Connectors"; VariantName = "[No Variations]"
Add component (AddParameter): Name = "Color"; Value = "Black"; VariantName = "[No Variations]"
Add component (AddParameter): Name = "ComponentLink1Description"; Value = "https://datasheet.ciiva.com/1123/m60-2p60-1123808.pdf?src-supplier=Newark"; VariantName = "[No Variations]"
Add component (AddParameter): Name = "ComponentLink1URL"; Value = "https://datasheet.ciiva.com/1123/m60-2p60-1123808.pdf?src-supplier=Newark"; VariantName = "[No Variations]"
Add component (AddParameter): Name = "ComponentLink2Description"; Value = "https://datasheet.ciiva.com/1454/1718283-1454829.pdf?src-supplier=Element14"; VariantName = "[No Variations]"
Add component (AddParameter): Name = "ComponentLink2URL"; Value = "https://datasheet.ciiva.com/1454/1718283-1454829.pdf?src-supplier=Element14"; VariantName = "[No Variations]"
Add component (AddParameter): Name = "ComponentLink3Description"; Value = "https://datasheet.ciiva.com/11744/0900766b8009b7c7-11744947.pdf?src-supplier=RSComponents"; VariantName = "[No Variations]"
Add component (AddParameter): Name = "ComponentLink3URL"; Value = "https://datasheet.ciiva.com/11744/0900766b8009b7c7-11744947.pdf?src-supplier=RSComponents"; VariantName = "[No Variations]"
Add component (AddParameter): Name = "ComponentLink4Description"; Value = "https://datasheet.ciiva.com/2917/m60-2p60-2917629.pdf?src-supplier=Digi-Key"; VariantName = "[No Variations]"
Add component (AddParameter): Name = "ComponentLink4URL"; Value = "https://datasheet.ciiva.com/2917/m60-2p60-2917629.pdf?src-supplier=Digi-Key"; VariantName = "[No Variations]"
Add component (AddParameter): Name = "ComponentLink5Description"; Value = "https://datasheet.ciiva.com/16883/70182825-16883963.pdf?src-supplier=Allied+Electronics"; VariantName = "[No Variations]"
Add component (AddParameter): Name = "ComponentLink5URL"; Value = "https://datasheet.ciiva.com/16883/70182825-16883963.pdf?src-supplier=Allied+Electronics"; VariantName = "[No Variations]"
Add component (AddParameter): Name = "Contact Material"; Value = "Bronze"; VariantName = "[No Variations]"
Add component (AddParameter): Name = "Contact Plating"; Value = "Tin,Silver"; VariantName = "[No Variations]"
Add component (AddParameter): Name = "Flammability Rating"; Value = "UL94 V-0"; VariantName = "[No Variations]"
Add component (AddParameter): Name = "Height"; Value = "0.35inch"; VariantName = "[No Variations]"
Add component (AddParameter): Name = "Hole Diameter"; Value = "1.6mm"; VariantName = "[No Variations]"
Add component (AddParameter): Name = "Housing Color"; Value = "Black"; VariantName = "[No Variations]"
Add component (AddParameter): Name = "Inside Diameter"; Value = "1.78mm"; VariantName = "[No Variations]"
Add component (AddParameter): Name = "Lead Free"; Value = "Lead Free"; VariantName = "[No Variations]"
Add component (AddParameter): Name = "Length"; Value = "8.89mm"; VariantName = "[No Variations]"
Add component (AddParameter): Name = "Manufacturer"; Value = "Keystone Electronics"; VariantName = "[No Variations]"
Add component (AddParameter): Name = "Manufacturer Part Number"; Value = "5006"; VariantName = "[No Variations]"
Add component (AddParameter): Name = "Material"; Value = "Nylon,Bronze,Silver"; VariantName = "[No Variations]"
Add component (AddParameter): Name = "Mount"; Value = "PCB,Through Hole"; VariantName = "[No Variations]"
Add component (AddParameter): Name = "Number of Ports"; Value = "1"; VariantName = "[No Variations]"
Add component (AddParameter): Name = "Orientation"; Value = "Straight"; VariantName = "[No Variations]"
Add component (AddParameter): Name = "Outside Diameter"; Value = "3.18mm"; VariantName = "[No Variations]"
Add component (AddParameter): Name = "Package Quantity"; Value = "100"; VariantName = "[No Variations]"
Add component (AddParameter): Name = "Packaging"; Value = "Bulk"; VariantName = "[No Variations]"
Add component (AddParameter): Name = "Plating"; Value = "Silver"; VariantName = "[No Variations]"
Add component (AddParameter): Name = "REACH SVHC"; Value = "No SVHC"; VariantName = "[No Variations]"
Add component (AddParameter): Name = "RoHS"; Value = "Yes"; VariantName = "[No Variations]"
Add component (AddParameter): Name = "Stock 1"; Value = "203116"; VariantName = "[No Variations]"
Add component (AddParameter): Name = "Supplier 1"; Value = "Mouser"; VariantName = "[No Variations]"
Add component (AddParameter): Name = "Supplier Part Number 1"; Value = "534-5006"; VariantName = "[No Variations]"
Added Component: Designator=TP2(TP_5006)
Add component (AddParameter): Name = "Body Material"; Value = "PBT"; VariantName = "[No Variations]"
Add component (AddParameter): Name = "Category"; Value = "Connectors"; VariantName = "[No Variations]"
Add component (AddParameter): Name = "Color"; Value = "Black"; VariantName = "[No Variations]"
Add component (AddParameter): Name = "ComponentLink1Description"; Value = "https://datasheet.ciiva.com/1123/m60-2p60-1123808.pdf?src-supplier=Newark"; VariantName = "[No Variations]"
Add component (AddParameter): Name = "ComponentLink1URL"; Value = "https://datasheet.ciiva.com/1123/m60-2p60-1123808.pdf?src-supplier=Newark"; VariantName = "[No Variations]"
Add component (AddParameter): Name = "ComponentLink2Description"; Value = "https://datasheet.ciiva.com/1454/1718283-1454829.pdf?src-supplier=Element14"; VariantName = "[No Variations]"
Add component (AddParameter): Name = "ComponentLink2URL"; Value = "https://datasheet.ciiva.com/1454/1718283-1454829.pdf?src-supplier=Element14"; VariantName = "[No Variations]"
Add component (AddParameter): Name = "ComponentLink3Description"; Value = "https://datasheet.ciiva.com/11744/0900766b8009b7c7-11744947.pdf?src-supplier=RSComponents"; VariantName = "[No Variations]"
Add component (AddParameter): Name = "ComponentLink3URL"; Value = "https://datasheet.ciiva.com/11744/0900766b8009b7c7-11744947.pdf?src-supplier=RSComponents"; VariantName = "[No Variations]"
Add component (AddParameter): Name = "ComponentLink4Description"; Value = "https://datasheet.ciiva.com/2917/m60-2p60-2917629.pdf?src-supplier=Digi-Key"; VariantName = "[No Variations]"
Add component (AddParameter): Name = "ComponentLink4URL"; Value = "https://datasheet.ciiva.com/2917/m60-2p60-2917629.pdf?src-supplier=Digi-Key"; VariantName = "[No Variations]"
Add component (AddParameter): Name = "ComponentLink5Description"; Value = "https://datasheet.ciiva.com/16883/70182825-16883963.pdf?src-supplier=Allied+Electronics"; VariantName = "[No Variations]"
Add component (AddParameter): Name = "ComponentLink5URL"; Value = "https://datasheet.ciiva.com/16883/70182825-16883963.pdf?src-supplier=Allied+Electronics"; VariantName = "[No Variations]"
Add component (AddParameter): Name = "Contact Material"; Value = "Bronze"; VariantName = "[No Variations]"
Add component (AddParameter): Name = "Contact Plating"; Value = "Tin,Silver"; VariantName = "[No Variations]"
Add component (AddParameter): Name = "Flammability Rating"; Value = "UL94 V-0"; VariantName = "[No Variations]"
Add component (AddParameter): Name = "Height"; Value = "0.35inch"; VariantName = "[No Variations]"
Add component (AddParameter): Name = "Hole Diameter"; Value = "1.6mm"; VariantName = "[No Variations]"
Add component (AddParameter): Name = "Housing Color"; Value = "Black"; VariantName = "[No Variations]"
Add component (AddParameter): Name = "Inside Diameter"; Value = "1.78mm"; VariantName = "[No Variations]"
Add component (AddParameter): Name = "Lead Free"; Value = "Lead Free"; VariantName = "[No Variations]"
Add component (AddParameter): Name = "Length"; Value = "8.89mm"; VariantName = "[No Variations]"
Add component (AddParameter): Name = "Manufacturer"; Value = "Keystone Electronics"; VariantName = "[No Variations]"
Add component (AddParameter): Name = "Manufacturer Part Number"; Value = "5006"; VariantName = "[No Variations]"
Add component (AddParameter): Name = "Material"; Value = "Nylon,Bronze,Silver"; VariantName = "[No Variations]"
Add component (AddParameter): Name = "Mount"; Value = "PCB,Through Hole"; VariantName = "[No Variations]"
Add component (AddParameter): Name = "Number of Ports"; Value = "1"; VariantName = "[No Variations]"
Add component (AddParameter): Name = "Orientation"; Value = "Straight"; VariantName = "[No Variations]"
Add component (AddParameter): Name = "Outside Diameter"; Value = "3.18mm"; VariantName = "[No Variations]"
Add component (AddParameter): Name = "Package Quantity"; Value = "100"; VariantName = "[No Variations]"
Add component (AddParameter): Name = "Packaging"; Value = "Bulk"; VariantName = "[No Variations]"
Add component (AddParameter): Name = "Plating"; Value = "Silver"; VariantName = "[No Variations]"
Add component (AddParameter): Name = "REACH SVHC"; Value = "No SVHC"; VariantName = "[No Variations]"
Add component (AddParameter): Name = "RoHS"; Value = "Yes"; VariantName = "[No Variations]"
Add component (AddParameter): Name = "Stock 1"; Value = "203116"; VariantName = "[No Variations]"
Add component (AddParameter): Name = "Supplier 1"; Value = "Mouser"; VariantName = "[No Variations]"
Add component (AddParameter): Name = "Supplier Part Number 1"; Value = "534-5006"; VariantName = "[No Variations]"
Added Component: Designator=TP3(TP_5006)
Add component (AddParameter): Name = "Body Material"; Value = "PBT"; VariantName = "[No Variations]"
Add component (AddParameter): Name = "Category"; Value = "Connectors"; VariantName = "[No Variations]"
Add component (AddParameter): Name = "Color"; Value = "Black"; VariantName = "[No Variations]"
Add component (AddParameter): Name = "ComponentLink1Description"; Value = "https://datasheet.ciiva.com/1123/m60-2p60-1123808.pdf?src-supplier=Newark"; VariantName = "[No Variations]"
Add component (AddParameter): Name = "ComponentLink1URL"; Value = "https://datasheet.ciiva.com/1123/m60-2p60-1123808.pdf?src-supplier=Newark"; VariantName = "[No Variations]"
Add component (AddParameter): Name = "ComponentLink2Description"; Value = "https://datasheet.ciiva.com/1454/1718283-1454829.pdf?src-supplier=Element14"; VariantName = "[No Variations]"
Add component (AddParameter): Name = "ComponentLink2URL"; Value = "https://datasheet.ciiva.com/1454/1718283-1454829.pdf?src-supplier=Element14"; VariantName = "[No Variations]"
Add component (AddParameter): Name = "ComponentLink3Description"; Value = "https://datasheet.ciiva.com/11744/0900766b8009b7c7-11744947.pdf?src-supplier=RSComponents"; VariantName = "[No Variations]"
Add component (AddParameter): Name = "ComponentLink3URL"; Value = "https://datasheet.ciiva.com/11744/0900766b8009b7c7-11744947.pdf?src-supplier=RSComponents"; VariantName = "[No Variations]"
Add component (AddParameter): Name = "ComponentLink4Description"; Value = "https://datasheet.ciiva.com/2917/m60-2p60-2917629.pdf?src-supplier=Digi-Key"; VariantName = "[No Variations]"
Add component (AddParameter): Name = "ComponentLink4URL"; Value = "https://datasheet.ciiva.com/2917/m60-2p60-2917629.pdf?src-supplier=Digi-Key"; VariantName = "[No Variations]"
Add component (AddParameter): Name = "ComponentLink5Description"; Value = "https://datasheet.ciiva.com/16883/70182825-16883963.pdf?src-supplier=Allied+Electronics"; VariantName = "[No Variations]"
Add component (AddParameter): Name = "ComponentLink5URL"; Value = "https://datasheet.ciiva.com/16883/70182825-16883963.pdf?src-supplier=Allied+Electronics"; VariantName = "[No Variations]"
Add component (AddParameter): Name = "Contact Material"; Value = "Bronze"; VariantName = "[No Variations]"
Add component (AddParameter): Name = "Contact Plating"; Value = "Tin,Silver"; VariantName = "[No Variations]"
Add component (AddParameter): Name = "Flammability Rating"; Value = "UL94 V-0"; VariantName = "[No Variations]"
Add component (AddParameter): Name = "Height"; Value = "0.35inch"; VariantName = "[No Variations]"
Add component (AddParameter): Name = "Hole Diameter"; Value = "1.6mm"; VariantName = "[No Variations]"
Add component (AddParameter): Name = "Housing Color"; Value = "Black"; VariantName = "[No Variations]"
Add component (AddParameter): Name = "Inside Diameter"; Value = "1.78mm"; VariantName = "[No Variations]"
Add component (AddParameter): Name = "Lead Free"; Value = "Lead Free"; VariantName = "[No Variations]"
Add component (AddParameter): Name = "Length"; Value = "8.89mm"; VariantName = "[No Variations]"
Add component (AddParameter): Name = "Manufacturer"; Value = "Keystone Electronics"; VariantName = "[No Variations]"
Add component (AddParameter): Name = "Manufacturer Part Number"; Value = "5006"; VariantName = "[No Variations]"
Add component (AddParameter): Name = "Material"; Value = "Nylon,Bronze,Silver"; VariantName = "[No Variations]"
Add component (AddParameter): Name = "Mount"; Value = "PCB,Through Hole"; VariantName = "[No Variations]"
Add component (AddParameter): Name = "Number of Ports"; Value = "1"; VariantName = "[No Variations]"
Add component (AddParameter): Name = "Orientation"; Value = "Straight"; VariantName = "[No Variations]"
Add component (AddParameter): Name = "Outside Diameter"; Value = "3.18mm"; VariantName = "[No Variations]"
Add component (AddParameter): Name = "Package Quantity"; Value = "100"; VariantName = "[No Variations]"
Add component (AddParameter): Name = "Packaging"; Value = "Bulk"; VariantName = "[No Variations]"
Add component (AddParameter): Name = "Plating"; Value = "Silver"; VariantName = "[No Variations]"
Add component (AddParameter): Name = "REACH SVHC"; Value = "No SVHC"; VariantName = "[No Variations]"
Add component (AddParameter): Name = "RoHS"; Value = "Yes"; VariantName = "[No Variations]"
Add component (AddParameter): Name = "Stock 1"; Value = "203116"; VariantName = "[No Variations]"
Add component (AddParameter): Name = "Supplier 1"; Value = "Mouser"; VariantName = "[No Variations]"
Add component (AddParameter): Name = "Supplier Part Number 1"; Value = "534-5006"; VariantName = "[No Variations]"
Added Component: Designator=TP4(TP_5006)
Add component (AddParameter): Name = "Body Material"; Value = "PBT"; VariantName = "[No Variations]"
Add component (AddParameter): Name = "Category"; Value = "Connectors"; VariantName = "[No Variations]"
Add component (AddParameter): Name = "Color"; Value = "Black"; VariantName = "[No Variations]"
Add component (AddParameter): Name = "ComponentLink1Description"; Value = "https://datasheet.ciiva.com/1123/m60-2p60-1123808.pdf?src-supplier=Newark"; VariantName = "[No Variations]"
Add component (AddParameter): Name = "ComponentLink1URL"; Value = "https://datasheet.ciiva.com/1123/m60-2p60-1123808.pdf?src-supplier=Newark"; VariantName = "[No Variations]"
Add component (AddParameter): Name = "ComponentLink2Description"; Value = "https://datasheet.ciiva.com/1454/1718283-1454829.pdf?src-supplier=Element14"; VariantName = "[No Variations]"
Add component (AddParameter): Name = "ComponentLink2URL"; Value = "https://datasheet.ciiva.com/1454/1718283-1454829.pdf?src-supplier=Element14"; VariantName = "[No Variations]"
Add component (AddParameter): Name = "ComponentLink3Description"; Value = "https://datasheet.ciiva.com/11744/0900766b8009b7c7-11744947.pdf?src-supplier=RSComponents"; VariantName = "[No Variations]"
Add component (AddParameter): Name = "ComponentLink3URL"; Value = "https://datasheet.ciiva.com/11744/0900766b8009b7c7-11744947.pdf?src-supplier=RSComponents"; VariantName = "[No Variations]"
Add component (AddParameter): Name = "ComponentLink4Description"; Value = "https://datasheet.ciiva.com/2917/m60-2p60-2917629.pdf?src-supplier=Digi-Key"; VariantName = "[No Variations]"
Add component (AddParameter): Name = "ComponentLink4URL"; Value = "https://datasheet.ciiva.com/2917/m60-2p60-2917629.pdf?src-supplier=Digi-Key"; VariantName = "[No Variations]"
Add component (AddParameter): Name = "ComponentLink5Description"; Value = "https://datasheet.ciiva.com/16883/70182825-16883963.pdf?src-supplier=Allied+Electronics"; VariantName = "[No Variations]"
Add component (AddParameter): Name = "ComponentLink5URL"; Value = "https://datasheet.ciiva.com/16883/70182825-16883963.pdf?src-supplier=Allied+Electronics"; VariantName = "[No Variations]"
Add component (AddParameter): Name = "Contact Material"; Value = "Bronze"; VariantName = "[No Variations]"
Add component (AddParameter): Name = "Contact Plating"; Value = "Tin,Silver"; VariantName = "[No Variations]"
Add component (AddParameter): Name = "Flammability Rating"; Value = "UL94 V-0"; VariantName = "[No Variations]"
Add component (AddParameter): Name = "Height"; Value = "0.35inch"; VariantName = "[No Variations]"
Add component (AddParameter): Name = "Hole Diameter"; Value = "1.6mm"; VariantName = "[No Variations]"
Add component (AddParameter): Name = "Housing Color"; Value = "Black"; VariantName = "[No Variations]"
Add component (AddParameter): Name = "Inside Diameter"; Value = "1.78mm"; VariantName = "[No Variations]"
Add component (AddParameter): Name = "Lead Free"; Value = "Lead Free"; VariantName = "[No Variations]"
Add component (AddParameter): Name = "Length"; Value = "8.89mm"; VariantName = "[No Variations]"
Add component (AddParameter): Name = "Manufacturer"; Value = "Keystone Electronics"; VariantName = "[No Variations]"
Add component (AddParameter): Name = "Manufacturer Part Number"; Value = "5006"; VariantName = "[No Variations]"
Add component (AddParameter): Name = "Material"; Value = "Nylon,Bronze,Silver"; VariantName = "[No Variations]"
Add component (AddParameter): Name = "Mount"; Value = "PCB,Through Hole"; VariantName = "[No Variations]"
Add component (AddParameter): Name = "Number of Ports"; Value = "1"; VariantName = "[No Variations]"
Add component (AddParameter): Name = "Orientation"; Value = "Straight"; VariantName = "[No Variations]"
Add component (AddParameter): Name = "Outside Diameter"; Value = "3.18mm"; VariantName = "[No Variations]"
Add component (AddParameter): Name = "Package Quantity"; Value = "100"; VariantName = "[No Variations]"
Add component (AddParameter): Name = "Packaging"; Value = "Bulk"; VariantName = "[No Variations]"
Add component (AddParameter): Name = "Plating"; Value = "Silver"; VariantName = "[No Variations]"
Add component (AddParameter): Name = "REACH SVHC"; Value = "No SVHC"; VariantName = "[No Variations]"
Add component (AddParameter): Name = "RoHS"; Value = "Yes"; VariantName = "[No Variations]"
Add component (AddParameter): Name = "Stock 1"; Value = "203116"; VariantName = "[No Variations]"
Add component (AddParameter): Name = "Supplier 1"; Value = "Mouser"; VariantName = "[No Variations]"
Add component (AddParameter): Name = "Supplier Part Number 1"; Value = "534-5006"; VariantName = "[No Variations]"
Added Component: Designator=TP5(TP_5006)
Add component (AddParameter): Name = "Body Material"; Value = "PBT"; VariantName = "[No Variations]"
Add component (AddParameter): Name = "Category"; Value = "Connectors"; VariantName = "[No Variations]"
Add component (AddParameter): Name = "Color"; Value = "Black"; VariantName = "[No Variations]"
Add component (AddParameter): Name = "ComponentLink1Description"; Value = "https://datasheet.ciiva.com/1123/m60-2p60-1123808.pdf?src-supplier=Newark"; VariantName = "[No Variations]"
Add component (AddParameter): Name = "ComponentLink1URL"; Value = "https://datasheet.ciiva.com/1123/m60-2p60-1123808.pdf?src-supplier=Newark"; VariantName = "[No Variations]"
Add component (AddParameter): Name = "ComponentLink2Description"; Value = "https://datasheet.ciiva.com/1454/1718283-1454829.pdf?src-supplier=Element14"; VariantName = "[No Variations]"
Add component (AddParameter): Name = "ComponentLink2URL"; Value = "https://datasheet.ciiva.com/1454/1718283-1454829.pdf?src-supplier=Element14"; VariantName = "[No Variations]"
Add component (AddParameter): Name = "ComponentLink3Description"; Value = "https://datasheet.ciiva.com/11744/0900766b8009b7c7-11744947.pdf?src-supplier=RSComponents"; VariantName = "[No Variations]"
Add component (AddParameter): Name = "ComponentLink3URL"; Value = "https://datasheet.ciiva.com/11744/0900766b8009b7c7-11744947.pdf?src-supplier=RSComponents"; VariantName = "[No Variations]"
Add component (AddParameter): Name = "ComponentLink4Description"; Value = "https://datasheet.ciiva.com/2917/m60-2p60-2917629.pdf?src-supplier=Digi-Key"; VariantName = "[No Variations]"
Add component (AddParameter): Name = "ComponentLink4URL"; Value = "https://datasheet.ciiva.com/2917/m60-2p60-2917629.pdf?src-supplier=Digi-Key"; VariantName = "[No Variations]"
Add component (AddParameter): Name = "ComponentLink5Description"; Value = "https://datasheet.ciiva.com/16883/70182825-16883963.pdf?src-supplier=Allied+Electronics"; VariantName = "[No Variations]"
Add component (AddParameter): Name = "ComponentLink5URL"; Value = "https://datasheet.ciiva.com/16883/70182825-16883963.pdf?src-supplier=Allied+Electronics"; VariantName = "[No Variations]"
Add component (AddParameter): Name = "Contact Material"; Value = "Bronze"; VariantName = "[No Variations]"
Add component (AddParameter): Name = "Contact Plating"; Value = "Tin,Silver"; VariantName = "[No Variations]"
Add component (AddParameter): Name = "Flammability Rating"; Value = "UL94 V-0"; VariantName = "[No Variations]"
Add component (AddParameter): Name = "Height"; Value = "0.35inch"; VariantName = "[No Variations]"
Add component (AddParameter): Name = "Hole Diameter"; Value = "1.6mm"; VariantName = "[No Variations]"
Add component (AddParameter): Name = "Housing Color"; Value = "Black"; VariantName = "[No Variations]"
Add component (AddParameter): Name = "Inside Diameter"; Value = "1.78mm"; VariantName = "[No Variations]"
Add component (AddParameter): Name = "Lead Free"; Value = "Lead Free"; VariantName = "[No Variations]"
Add component (AddParameter): Name = "Length"; Value = "8.89mm"; VariantName = "[No Variations]"
Add component (AddParameter): Name = "Manufacturer"; Value = "Keystone Electronics"; VariantName = "[No Variations]"
Add component (AddParameter): Name = "Manufacturer Part Number"; Value = "5006"; VariantName = "[No Variations]"
Add component (AddParameter): Name = "Material"; Value = "Nylon,Bronze,Silver"; VariantName = "[No Variations]"
Add component (AddParameter): Name = "Mount"; Value = "PCB,Through Hole"; VariantName = "[No Variations]"
Add component (AddParameter): Name = "Number of Ports"; Value = "1"; VariantName = "[No Variations]"
Add component (AddParameter): Name = "Orientation"; Value = "Straight"; VariantName = "[No Variations]"
Add component (AddParameter): Name = "Outside Diameter"; Value = "3.18mm"; VariantName = "[No Variations]"
Add component (AddParameter): Name = "Package Quantity"; Value = "100"; VariantName = "[No Variations]"
Add component (AddParameter): Name = "Packaging"; Value = "Bulk"; VariantName = "[No Variations]"
Add component (AddParameter): Name = "Plating"; Value = "Silver"; VariantName = "[No Variations]"
Add component (AddParameter): Name = "REACH SVHC"; Value = "No SVHC"; VariantName = "[No Variations]"
Add component (AddParameter): Name = "RoHS"; Value = "Yes"; VariantName = "[No Variations]"
Add component (AddParameter): Name = "Stock 1"; Value = "203116"; VariantName = "[No Variations]"
Add component (AddParameter): Name = "Supplier 1"; Value = "Mouser"; VariantName = "[No Variations]"
Add component (AddParameter): Name = "Supplier Part Number 1"; Value = "534-5006"; VariantName = "[No Variations]"
Added Component: Designator=TP6(TP_5006)
Add component (AddParameter): Name = "Body Material"; Value = "PBT"; VariantName = "[No Variations]"
Add component (AddParameter): Name = "Category"; Value = "Connectors"; VariantName = "[No Variations]"
Add component (AddParameter): Name = "Color"; Value = "Black"; VariantName = "[No Variations]"
Add component (AddParameter): Name = "ComponentLink1Description"; Value = "https://datasheet.ciiva.com/1123/m60-2p60-1123808.pdf?src-supplier=Newark"; VariantName = "[No Variations]"
Add component (AddParameter): Name = "ComponentLink1URL"; Value = "https://datasheet.ciiva.com/1123/m60-2p60-1123808.pdf?src-supplier=Newark"; VariantName = "[No Variations]"
Add component (AddParameter): Name = "ComponentLink2Description"; Value = "https://datasheet.ciiva.com/1454/1718283-1454829.pdf?src-supplier=Element14"; VariantName = "[No Variations]"
Add component (AddParameter): Name = "ComponentLink2URL"; Value = "https://datasheet.ciiva.com/1454/1718283-1454829.pdf?src-supplier=Element14"; VariantName = "[No Variations]"
Add component (AddParameter): Name = "ComponentLink3Description"; Value = "https://datasheet.ciiva.com/11744/0900766b8009b7c7-11744947.pdf?src-supplier=RSComponents"; VariantName = "[No Variations]"
Add component (AddParameter): Name = "ComponentLink3URL"; Value = "https://datasheet.ciiva.com/11744/0900766b8009b7c7-11744947.pdf?src-supplier=RSComponents"; VariantName = "[No Variations]"
Add component (AddParameter): Name = "ComponentLink4Description"; Value = "https://datasheet.ciiva.com/2917/m60-2p60-2917629.pdf?src-supplier=Digi-Key"; VariantName = "[No Variations]"
Add component (AddParameter): Name = "ComponentLink4URL"; Value = "https://datasheet.ciiva.com/2917/m60-2p60-2917629.pdf?src-supplier=Digi-Key"; VariantName = "[No Variations]"
Add component (AddParameter): Name = "ComponentLink5Description"; Value = "https://datasheet.ciiva.com/16883/70182825-16883963.pdf?src-supplier=Allied+Electronics"; VariantName = "[No Variations]"
Add component (AddParameter): Name = "ComponentLink5URL"; Value = "https://datasheet.ciiva.com/16883/70182825-16883963.pdf?src-supplier=Allied+Electronics"; VariantName = "[No Variations]"
Add component (AddParameter): Name = "Contact Material"; Value = "Bronze"; VariantName = "[No Variations]"
Add component (AddParameter): Name = "Contact Plating"; Value = "Tin,Silver"; VariantName = "[No Variations]"
Add component (AddParameter): Name = "Flammability Rating"; Value = "UL94 V-0"; VariantName = "[No Variations]"
Add component (AddParameter): Name = "Height"; Value = "0.35inch"; VariantName = "[No Variations]"
Add component (AddParameter): Name = "Hole Diameter"; Value = "1.6mm"; VariantName = "[No Variations]"
Add component (AddParameter): Name = "Housing Color"; Value = "Black"; VariantName = "[No Variations]"
Add component (AddParameter): Name = "Inside Diameter"; Value = "1.78mm"; VariantName = "[No Variations]"
Add component (AddParameter): Name = "Lead Free"; Value = "Lead Free"; VariantName = "[No Variations]"
Add component (AddParameter): Name = "Length"; Value = "8.89mm"; VariantName = "[No Variations]"
Add component (AddParameter): Name = "Manufacturer"; Value = "Keystone Electronics"; VariantName = "[No Variations]"
Add component (AddParameter): Name = "Manufacturer Part Number"; Value = "5006"; VariantName = "[No Variations]"
Add component (AddParameter): Name = "Material"; Value = "Nylon,Bronze,Silver"; VariantName = "[No Variations]"
Add component (AddParameter): Name = "Mount"; Value = "PCB,Through Hole"; VariantName = "[No Variations]"
Add component (AddParameter): Name = "Number of Ports"; Value = "1"; VariantName = "[No Variations]"
Add component (AddParameter): Name = "Orientation"; Value = "Straight"; VariantName = "[No Variations]"
Add component (AddParameter): Name = "Outside Diameter"; Value = "3.18mm"; VariantName = "[No Variations]"
Add component (AddParameter): Name = "Package Quantity"; Value = "100"; VariantName = "[No Variations]"
Add component (AddParameter): Name = "Packaging"; Value = "Bulk"; VariantName = "[No Variations]"
Add component (AddParameter): Name = "Plating"; Value = "Silver"; VariantName = "[No Variations]"
Add component (AddParameter): Name = "REACH SVHC"; Value = "No SVHC"; VariantName = "[No Variations]"
Add component (AddParameter): Name = "RoHS"; Value = "Yes"; VariantName = "[No Variations]"
Add component (AddParameter): Name = "Stock 1"; Value = "203116"; VariantName = "[No Variations]"
Add component (AddParameter): Name = "Supplier 1"; Value = "Mouser"; VariantName = "[No Variations]"
Add component (AddParameter): Name = "Supplier Part Number 1"; Value = "534-5006"; VariantName = "[No Variations]"
Added Component: Designator=TP7(TP_5006)
Add component (AddParameter): Name = "Body Material"; Value = "PBT"; VariantName = "[No Variations]"
Add component (AddParameter): Name = "Category"; Value = "Connectors"; VariantName = "[No Variations]"
Add component (AddParameter): Name = "Color"; Value = "Black"; VariantName = "[No Variations]"
Add component (AddParameter): Name = "ComponentLink1Description"; Value = "https://datasheet.ciiva.com/1123/m60-2p60-1123808.pdf?src-supplier=Newark"; VariantName = "[No Variations]"
Add component (AddParameter): Name = "ComponentLink1URL"; Value = "https://datasheet.ciiva.com/1123/m60-2p60-1123808.pdf?src-supplier=Newark"; VariantName = "[No Variations]"
Add component (AddParameter): Name = "ComponentLink2Description"; Value = "https://datasheet.ciiva.com/1454/1718283-1454829.pdf?src-supplier=Element14"; VariantName = "[No Variations]"
Add component (AddParameter): Name = "ComponentLink2URL"; Value = "https://datasheet.ciiva.com/1454/1718283-1454829.pdf?src-supplier=Element14"; VariantName = "[No Variations]"
Add component (AddParameter): Name = "ComponentLink3Description"; Value = "https://datasheet.ciiva.com/11744/0900766b8009b7c7-11744947.pdf?src-supplier=RSComponents"; VariantName = "[No Variations]"
Add component (AddParameter): Name = "ComponentLink3URL"; Value = "https://datasheet.ciiva.com/11744/0900766b8009b7c7-11744947.pdf?src-supplier=RSComponents"; VariantName = "[No Variations]"
Add component (AddParameter): Name = "ComponentLink4Description"; Value = "https://datasheet.ciiva.com/2917/m60-2p60-2917629.pdf?src-supplier=Digi-Key"; VariantName = "[No Variations]"
Add component (AddParameter): Name = "ComponentLink4URL"; Value = "https://datasheet.ciiva.com/2917/m60-2p60-2917629.pdf?src-supplier=Digi-Key"; VariantName = "[No Variations]"
Add component (AddParameter): Name = "ComponentLink5Description"; Value = "https://datasheet.ciiva.com/16883/70182825-16883963.pdf?src-supplier=Allied+Electronics"; VariantName = "[No Variations]"
Add component (AddParameter): Name = "ComponentLink5URL"; Value = "https://datasheet.ciiva.com/16883/70182825-16883963.pdf?src-supplier=Allied+Electronics"; VariantName = "[No Variations]"
Add component (AddParameter): Name = "Contact Material"; Value = "Bronze"; VariantName = "[No Variations]"
Add component (AddParameter): Name = "Contact Plating"; Value = "Tin,Silver"; VariantName = "[No Variations]"
Add component (AddParameter): Name = "Flammability Rating"; Value = "UL94 V-0"; VariantName = "[No Variations]"
Add component (AddParameter): Name = "Height"; Value = "0.35inch"; VariantName = "[No Variations]"
Add component (AddParameter): Name = "Hole Diameter"; Value = "1.6mm"; VariantName = "[No Variations]"
Add component (AddParameter): Name = "Housing Color"; Value = "Black"; VariantName = "[No Variations]"
Add component (AddParameter): Name = "Inside Diameter"; Value = "1.78mm"; VariantName = "[No Variations]"
Add component (AddParameter): Name = "Lead Free"; Value = "Lead Free"; VariantName = "[No Variations]"
Add component (AddParameter): Name = "Length"; Value = "8.89mm"; VariantName = "[No Variations]"
Add component (AddParameter): Name = "Manufacturer"; Value = "Keystone Electronics"; VariantName = "[No Variations]"
Add component (AddParameter): Name = "Manufacturer Part Number"; Value = "5006"; VariantName = "[No Variations]"
Add component (AddParameter): Name = "Material"; Value = "Nylon,Bronze,Silver"; VariantName = "[No Variations]"
Add component (AddParameter): Name = "Mount"; Value = "PCB,Through Hole"; VariantName = "[No Variations]"
Add component (AddParameter): Name = "Number of Ports"; Value = "1"; VariantName = "[No Variations]"
Add component (AddParameter): Name = "Orientation"; Value = "Straight"; VariantName = "[No Variations]"
Add component (AddParameter): Name = "Outside Diameter"; Value = "3.18mm"; VariantName = "[No Variations]"
Add component (AddParameter): Name = "Package Quantity"; Value = "100"; VariantName = "[No Variations]"
Add component (AddParameter): Name = "Packaging"; Value = "Bulk"; VariantName = "[No Variations]"
Add component (AddParameter): Name = "Plating"; Value = "Silver"; VariantName = "[No Variations]"
Add component (AddParameter): Name = "REACH SVHC"; Value = "No SVHC"; VariantName = "[No Variations]"
Add component (AddParameter): Name = "RoHS"; Value = "Yes"; VariantName = "[No Variations]"
Add component (AddParameter): Name = "Stock 1"; Value = "203116"; VariantName = "[No Variations]"
Add component (AddParameter): Name = "Supplier 1"; Value = "Mouser"; VariantName = "[No Variations]"
Add component (AddParameter): Name = "Supplier Part Number 1"; Value = "534-5006"; VariantName = "[No Variations]"
Added Component: Designator=TP8(TP_5006)
Add component (AddParameter): Name = "Body Material"; Value = "PBT"; VariantName = "[No Variations]"
Add component (AddParameter): Name = "Category"; Value = "Connectors"; VariantName = "[No Variations]"
Add component (AddParameter): Name = "Color"; Value = "Black"; VariantName = "[No Variations]"
Add component (AddParameter): Name = "ComponentLink1Description"; Value = "https://datasheet.ciiva.com/1123/m60-2p60-1123808.pdf?src-supplier=Newark"; VariantName = "[No Variations]"
Add component (AddParameter): Name = "ComponentLink1URL"; Value = "https://datasheet.ciiva.com/1123/m60-2p60-1123808.pdf?src-supplier=Newark"; VariantName = "[No Variations]"
Add component (AddParameter): Name = "ComponentLink2Description"; Value = "https://datasheet.ciiva.com/1454/1718283-1454829.pdf?src-supplier=Element14"; VariantName = "[No Variations]"
Add component (AddParameter): Name = "ComponentLink2URL"; Value = "https://datasheet.ciiva.com/1454/1718283-1454829.pdf?src-supplier=Element14"; VariantName = "[No Variations]"
Add component (AddParameter): Name = "ComponentLink3Description"; Value = "https://datasheet.ciiva.com/11744/0900766b8009b7c7-11744947.pdf?src-supplier=RSComponents"; VariantName = "[No Variations]"
Add component (AddParameter): Name = "ComponentLink3URL"; Value = "https://datasheet.ciiva.com/11744/0900766b8009b7c7-11744947.pdf?src-supplier=RSComponents"; VariantName = "[No Variations]"
Add component (AddParameter): Name = "ComponentLink4Description"; Value = "https://datasheet.ciiva.com/2917/m60-2p60-2917629.pdf?src-supplier=Digi-Key"; VariantName = "[No Variations]"
Add component (AddParameter): Name = "ComponentLink4URL"; Value = "https://datasheet.ciiva.com/2917/m60-2p60-2917629.pdf?src-supplier=Digi-Key"; VariantName = "[No Variations]"
Add component (AddParameter): Name = "ComponentLink5Description"; Value = "https://datasheet.ciiva.com/16883/70182825-16883963.pdf?src-supplier=Allied+Electronics"; VariantName = "[No Variations]"
Add component (AddParameter): Name = "ComponentLink5URL"; Value = "https://datasheet.ciiva.com/16883/70182825-16883963.pdf?src-supplier=Allied+Electronics"; VariantName = "[No Variations]"
Add component (AddParameter): Name = "Contact Material"; Value = "Bronze"; VariantName = "[No Variations]"
Add component (AddParameter): Name = "Contact Plating"; Value = "Tin,Silver"; VariantName = "[No Variations]"
Add component (AddParameter): Name = "Flammability Rating"; Value = "UL94 V-0"; VariantName = "[No Variations]"
Add component (AddParameter): Name = "Height"; Value = "0.35inch"; VariantName = "[No Variations]"
Add component (AddParameter): Name = "Hole Diameter"; Value = "1.6mm"; VariantName = "[No Variations]"
Add component (AddParameter): Name = "Housing Color"; Value = "Black"; VariantName = "[No Variations]"
Add component (AddParameter): Name = "Inside Diameter"; Value = "1.78mm"; VariantName = "[No Variations]"
Add component (AddParameter): Name = "Lead Free"; Value = "Lead Free"; VariantName = "[No Variations]"
Add component (AddParameter): Name = "Length"; Value = "8.89mm"; VariantName = "[No Variations]"
Add component (AddParameter): Name = "Manufacturer"; Value = "Keystone Electronics"; VariantName = "[No Variations]"
Add component (AddParameter): Name = "Manufacturer Part Number"; Value = "5006"; VariantName = "[No Variations]"
Add component (AddParameter): Name = "Material"; Value = "Nylon,Bronze,Silver"; VariantName = "[No Variations]"
Add component (AddParameter): Name = "Mount"; Value = "PCB,Through Hole"; VariantName = "[No Variations]"
Add component (AddParameter): Name = "Number of Ports"; Value = "1"; VariantName = "[No Variations]"
Add component (AddParameter): Name = "Orientation"; Value = "Straight"; VariantName = "[No Variations]"
Add component (AddParameter): Name = "Outside Diameter"; Value = "3.18mm"; VariantName = "[No Variations]"
Add component (AddParameter): Name = "Package Quantity"; Value = "100"; VariantName = "[No Variations]"
Add component (AddParameter): Name = "Packaging"; Value = "Bulk"; VariantName = "[No Variations]"
Add component (AddParameter): Name = "Plating"; Value = "Silver"; VariantName = "[No Variations]"
Add component (AddParameter): Name = "REACH SVHC"; Value = "No SVHC"; VariantName = "[No Variations]"
Add component (AddParameter): Name = "RoHS"; Value = "Yes"; VariantName = "[No Variations]"
Add component (AddParameter): Name = "Stock 1"; Value = "203116"; VariantName = "[No Variations]"
Add component (AddParameter): Name = "Supplier 1"; Value = "Mouser"; VariantName = "[No Variations]"
Add component (AddParameter): Name = "Supplier Part Number 1"; Value = "534-5006"; VariantName = "[No Variations]"
Added Component: Designator=TP9(TP_5006)
Add component (AddParameter): Name = "Body Material"; Value = "PBT"; VariantName = "[No Variations]"
Add component (AddParameter): Name = "Category"; Value = "Connectors"; VariantName = "[No Variations]"
Add component (AddParameter): Name = "Color"; Value = "Black"; VariantName = "[No Variations]"
Add component (AddParameter): Name = "ComponentLink1Description"; Value = "https://datasheet.ciiva.com/1123/m60-2p60-1123808.pdf?src-supplier=Newark"; VariantName = "[No Variations]"
Add component (AddParameter): Name = "ComponentLink1URL"; Value = "https://datasheet.ciiva.com/1123/m60-2p60-1123808.pdf?src-supplier=Newark"; VariantName = "[No Variations]"
Add component (AddParameter): Name = "ComponentLink2Description"; Value = "https://datasheet.ciiva.com/1454/1718283-1454829.pdf?src-supplier=Element14"; VariantName = "[No Variations]"
Add component (AddParameter): Name = "ComponentLink2URL"; Value = "https://datasheet.ciiva.com/1454/1718283-1454829.pdf?src-supplier=Element14"; VariantName = "[No Variations]"
Add component (AddParameter): Name = "ComponentLink3Description"; Value = "https://datasheet.ciiva.com/11744/0900766b8009b7c7-11744947.pdf?src-supplier=RSComponents"; VariantName = "[No Variations]"
Add component (AddParameter): Name = "ComponentLink3URL"; Value = "https://datasheet.ciiva.com/11744/0900766b8009b7c7-11744947.pdf?src-supplier=RSComponents"; VariantName = "[No Variations]"
Add component (AddParameter): Name = "ComponentLink4Description"; Value = "https://datasheet.ciiva.com/2917/m60-2p60-2917629.pdf?src-supplier=Digi-Key"; VariantName = "[No Variations]"
Add component (AddParameter): Name = "ComponentLink4URL"; Value = "https://datasheet.ciiva.com/2917/m60-2p60-2917629.pdf?src-supplier=Digi-Key"; VariantName = "[No Variations]"
Add component (AddParameter): Name = "ComponentLink5Description"; Value = "https://datasheet.ciiva.com/16883/70182825-16883963.pdf?src-supplier=Allied+Electronics"; VariantName = "[No Variations]"
Add component (AddParameter): Name = "ComponentLink5URL"; Value = "https://datasheet.ciiva.com/16883/70182825-16883963.pdf?src-supplier=Allied+Electronics"; VariantName = "[No Variations]"
Add component (AddParameter): Name = "Contact Material"; Value = "Bronze"; VariantName = "[No Variations]"
Add component (AddParameter): Name = "Contact Plating"; Value = "Tin,Silver"; VariantName = "[No Variations]"
Add component (AddParameter): Name = "Flammability Rating"; Value = "UL94 V-0"; VariantName = "[No Variations]"
Add component (AddParameter): Name = "Height"; Value = "0.35inch"; VariantName = "[No Variations]"
Add component (AddParameter): Name = "Hole Diameter"; Value = "1.6mm"; VariantName = "[No Variations]"
Add component (AddParameter): Name = "Housing Color"; Value = "Black"; VariantName = "[No Variations]"
Add component (AddParameter): Name = "Inside Diameter"; Value = "1.78mm"; VariantName = "[No Variations]"
Add component (AddParameter): Name = "Lead Free"; Value = "Lead Free"; VariantName = "[No Variations]"
Add component (AddParameter): Name = "Length"; Value = "8.89mm"; VariantName = "[No Variations]"
Add component (AddParameter): Name = "Manufacturer"; Value = "Keystone Electronics"; VariantName = "[No Variations]"
Add component (AddParameter): Name = "Manufacturer Part Number"; Value = "5006"; VariantName = "[No Variations]"
Add component (AddParameter): Name = "Material"; Value = "Nylon,Bronze,Silver"; VariantName = "[No Variations]"
Add component (AddParameter): Name = "Mount"; Value = "PCB,Through Hole"; VariantName = "[No Variations]"
Add component (AddParameter): Name = "Number of Ports"; Value = "1"; VariantName = "[No Variations]"
Add component (AddParameter): Name = "Orientation"; Value = "Straight"; VariantName = "[No Variations]"
Add component (AddParameter): Name = "Outside Diameter"; Value = "3.18mm"; VariantName = "[No Variations]"
Add component (AddParameter): Name = "Package Quantity"; Value = "100"; VariantName = "[No Variations]"
Add component (AddParameter): Name = "Packaging"; Value = "Bulk"; VariantName = "[No Variations]"
Add component (AddParameter): Name = "Plating"; Value = "Silver"; VariantName = "[No Variations]"
Add component (AddParameter): Name = "REACH SVHC"; Value = "No SVHC"; VariantName = "[No Variations]"
Add component (AddParameter): Name = "RoHS"; Value = "Yes"; VariantName = "[No Variations]"
Add component (AddParameter): Name = "Stock 1"; Value = "203116"; VariantName = "[No Variations]"
Add component (AddParameter): Name = "Supplier 1"; Value = "Mouser"; VariantName = "[No Variations]"
Add component (AddParameter): Name = "Supplier Part Number 1"; Value = "534-5006"; VariantName = "[No Variations]"
Added Component: Designator=TP10(TP_5006)
Add component (AddParameter): Name = "Body Material"; Value = "PBT"; VariantName = "[No Variations]"
Add component (AddParameter): Name = "Category"; Value = "Connectors"; VariantName = "[No Variations]"
Add component (AddParameter): Name = "Color"; Value = "Black"; VariantName = "[No Variations]"
Add component (AddParameter): Name = "ComponentLink1Description"; Value = "https://datasheet.ciiva.com/1123/m60-2p60-1123808.pdf?src-supplier=Newark"; VariantName = "[No Variations]"
Add component (AddParameter): Name = "ComponentLink1URL"; Value = "https://datasheet.ciiva.com/1123/m60-2p60-1123808.pdf?src-supplier=Newark"; VariantName = "[No Variations]"
Add component (AddParameter): Name = "ComponentLink2Description"; Value = "https://datasheet.ciiva.com/1454/1718283-1454829.pdf?src-supplier=Element14"; VariantName = "[No Variations]"
Add component (AddParameter): Name = "ComponentLink2URL"; Value = "https://datasheet.ciiva.com/1454/1718283-1454829.pdf?src-supplier=Element14"; VariantName = "[No Variations]"
Add component (AddParameter): Name = "ComponentLink3Description"; Value = "https://datasheet.ciiva.com/11744/0900766b8009b7c7-11744947.pdf?src-supplier=RSComponents"; VariantName = "[No Variations]"
Add component (AddParameter): Name = "ComponentLink3URL"; Value = "https://datasheet.ciiva.com/11744/0900766b8009b7c7-11744947.pdf?src-supplier=RSComponents"; VariantName = "[No Variations]"
Add component (AddParameter): Name = "ComponentLink4Description"; Value = "https://datasheet.ciiva.com/2917/m60-2p60-2917629.pdf?src-supplier=Digi-Key"; VariantName = "[No Variations]"
Add component (AddParameter): Name = "ComponentLink4URL"; Value = "https://datasheet.ciiva.com/2917/m60-2p60-2917629.pdf?src-supplier=Digi-Key"; VariantName = "[No Variations]"
Add component (AddParameter): Name = "ComponentLink5Description"; Value = "https://datasheet.ciiva.com/16883/70182825-16883963.pdf?src-supplier=Allied+Electronics"; VariantName = "[No Variations]"
Add component (AddParameter): Name = "ComponentLink5URL"; Value = "https://datasheet.ciiva.com/16883/70182825-16883963.pdf?src-supplier=Allied+Electronics"; VariantName = "[No Variations]"
Add component (AddParameter): Name = "Contact Material"; Value = "Bronze"; VariantName = "[No Variations]"
Add component (AddParameter): Name = "Contact Plating"; Value = "Tin,Silver"; VariantName = "[No Variations]"
Add component (AddParameter): Name = "Flammability Rating"; Value = "UL94 V-0"; VariantName = "[No Variations]"
Add component (AddParameter): Name = "Height"; Value = "0.35inch"; VariantName = "[No Variations]"
Add component (AddParameter): Name = "Hole Diameter"; Value = "1.6mm"; VariantName = "[No Variations]"
Add component (AddParameter): Name = "Housing Color"; Value = "Black"; VariantName = "[No Variations]"
Add component (AddParameter): Name = "Inside Diameter"; Value = "1.78mm"; VariantName = "[No Variations]"
Add component (AddParameter): Name = "Lead Free"; Value = "Lead Free"; VariantName = "[No Variations]"
Add component (AddParameter): Name = "Length"; Value = "8.89mm"; VariantName = "[No Variations]"
Add component (AddParameter): Name = "Manufacturer"; Value = "Keystone Electronics"; VariantName = "[No Variations]"
Add component (AddParameter): Name = "Manufacturer Part Number"; Value = "5006"; VariantName = "[No Variations]"
Add component (AddParameter): Name = "Material"; Value = "Nylon,Bronze,Silver"; VariantName = "[No Variations]"
Add component (AddParameter): Name = "Mount"; Value = "PCB,Through Hole"; VariantName = "[No Variations]"
Add component (AddParameter): Name = "Number of Ports"; Value = "1"; VariantName = "[No Variations]"
Add component (AddParameter): Name = "Orientation"; Value = "Straight"; VariantName = "[No Variations]"
Add component (AddParameter): Name = "Outside Diameter"; Value = "3.18mm"; VariantName = "[No Variations]"
Add component (AddParameter): Name = "Package Quantity"; Value = "100"; VariantName = "[No Variations]"
Add component (AddParameter): Name = "Packaging"; Value = "Bulk"; VariantName = "[No Variations]"
Add component (AddParameter): Name = "Plating"; Value = "Silver"; VariantName = "[No Variations]"
Add component (AddParameter): Name = "REACH SVHC"; Value = "No SVHC"; VariantName = "[No Variations]"
Add component (AddParameter): Name = "RoHS"; Value = "Yes"; VariantName = "[No Variations]"
Add component (AddParameter): Name = "Stock 1"; Value = "203116"; VariantName = "[No Variations]"
Add component (AddParameter): Name = "Supplier 1"; Value = "Mouser"; VariantName = "[No Variations]"
Add component (AddParameter): Name = "Supplier Part Number 1"; Value = "534-5006"; VariantName = "[No Variations]"
Added Component: Designator=TP11(TP_5006)
Add component (AddParameter): Name = "Body Material"; Value = "PBT"; VariantName = "[No Variations]"
Add component (AddParameter): Name = "Category"; Value = "Connectors"; VariantName = "[No Variations]"
Add component (AddParameter): Name = "Color"; Value = "Black"; VariantName = "[No Variations]"
Add component (AddParameter): Name = "ComponentLink1Description"; Value = "https://datasheet.ciiva.com/1123/m60-2p60-1123808.pdf?src-supplier=Newark"; VariantName = "[No Variations]"
Add component (AddParameter): Name = "ComponentLink1URL"; Value = "https://datasheet.ciiva.com/1123/m60-2p60-1123808.pdf?src-supplier=Newark"; VariantName = "[No Variations]"
Add component (AddParameter): Name = "ComponentLink2Description"; Value = "https://datasheet.ciiva.com/1454/1718283-1454829.pdf?src-supplier=Element14"; VariantName = "[No Variations]"
Add component (AddParameter): Name = "ComponentLink2URL"; Value = "https://datasheet.ciiva.com/1454/1718283-1454829.pdf?src-supplier=Element14"; VariantName = "[No Variations]"
Add component (AddParameter): Name = "ComponentLink3Description"; Value = "https://datasheet.ciiva.com/11744/0900766b8009b7c7-11744947.pdf?src-supplier=RSComponents"; VariantName = "[No Variations]"
Add component (AddParameter): Name = "ComponentLink3URL"; Value = "https://datasheet.ciiva.com/11744/0900766b8009b7c7-11744947.pdf?src-supplier=RSComponents"; VariantName = "[No Variations]"
Add component (AddParameter): Name = "ComponentLink4Description"; Value = "https://datasheet.ciiva.com/2917/m60-2p60-2917629.pdf?src-supplier=Digi-Key"; VariantName = "[No Variations]"
Add component (AddParameter): Name = "ComponentLink4URL"; Value = "https://datasheet.ciiva.com/2917/m60-2p60-2917629.pdf?src-supplier=Digi-Key"; VariantName = "[No Variations]"
Add component (AddParameter): Name = "ComponentLink5Description"; Value = "https://datasheet.ciiva.com/16883/70182825-16883963.pdf?src-supplier=Allied+Electronics"; VariantName = "[No Variations]"
Add component (AddParameter): Name = "ComponentLink5URL"; Value = "https://datasheet.ciiva.com/16883/70182825-16883963.pdf?src-supplier=Allied+Electronics"; VariantName = "[No Variations]"
Add component (AddParameter): Name = "Contact Material"; Value = "Bronze"; VariantName = "[No Variations]"
Add component (AddParameter): Name = "Contact Plating"; Value = "Tin,Silver"; VariantName = "[No Variations]"
Add component (AddParameter): Name = "Flammability Rating"; Value = "UL94 V-0"; VariantName = "[No Variations]"
Add component (AddParameter): Name = "Height"; Value = "0.35inch"; VariantName = "[No Variations]"
Add component (AddParameter): Name = "Hole Diameter"; Value = "1.6mm"; VariantName = "[No Variations]"
Add component (AddParameter): Name = "Housing Color"; Value = "Black"; VariantName = "[No Variations]"
Add component (AddParameter): Name = "Inside Diameter"; Value = "1.78mm"; VariantName = "[No Variations]"
Add component (AddParameter): Name = "Lead Free"; Value = "Lead Free"; VariantName = "[No Variations]"
Add component (AddParameter): Name = "Length"; Value = "8.89mm"; VariantName = "[No Variations]"
Add component (AddParameter): Name = "Manufacturer"; Value = "Keystone Electronics"; VariantName = "[No Variations]"
Add component (AddParameter): Name = "Manufacturer Part Number"; Value = "5006"; VariantName = "[No Variations]"
Add component (AddParameter): Name = "Material"; Value = "Nylon,Bronze,Silver"; VariantName = "[No Variations]"
Add component (AddParameter): Name = "Mount"; Value = "PCB,Through Hole"; VariantName = "[No Variations]"
Add component (AddParameter): Name = "Number of Ports"; Value = "1"; VariantName = "[No Variations]"
Add component (AddParameter): Name = "Orientation"; Value = "Straight"; VariantName = "[No Variations]"
Add component (AddParameter): Name = "Outside Diameter"; Value = "3.18mm"; VariantName = "[No Variations]"
Add component (AddParameter): Name = "Package Quantity"; Value = "100"; VariantName = "[No Variations]"
Add component (AddParameter): Name = "Packaging"; Value = "Bulk"; VariantName = "[No Variations]"
Add component (AddParameter): Name = "Plating"; Value = "Silver"; VariantName = "[No Variations]"
Add component (AddParameter): Name = "REACH SVHC"; Value = "No SVHC"; VariantName = "[No Variations]"
Add component (AddParameter): Name = "RoHS"; Value = "Yes"; VariantName = "[No Variations]"
Add component (AddParameter): Name = "Stock 1"; Value = "203116"; VariantName = "[No Variations]"
Add component (AddParameter): Name = "Supplier 1"; Value = "Mouser"; VariantName = "[No Variations]"
Add component (AddParameter): Name = "Supplier Part Number 1"; Value = "534-5006"; VariantName = "[No Variations]"
Added Component: Designator=TP12(TP_1mm)
Add component (AddParameter): Name = "Created"; Value = ""; VariantName = "[No Variations]"
Add component (AddParameter): Name = "Value"; Value = "-5V"; VariantName = "[No Variations]"
Added Pin To Net: NetName=-5V Pin=J1-1
Added Pin To Net: NetName=GND Pin=J1-2
Added Pin To Net: NetName=GND Pin=J2-1
Added Pin To Net: NetName=Buffer_P Pin=J3-1
Added Pin To Net: NetName=Buffer_N Pin=J3-2
Added Pin To Net: NetName=Buffer_N Pin=J4-1
Added Pin To Net: NetName=Buffer_P Pin=J5-1
Added Pin To Net: NetName=ADC_IN_N Pin=J6-1
Added Pin To Net: NetName=ADC_IN_P Pin=J7-1
Added Pin To Net: NetName=Buffer_P Pin=R16-1
Added Pin To Net: NetName=Buffer_N Pin=R16-2
Added Pin To Net: NetName=24V_posRail Pin=TP1-1
Added Pin To Net: NetName=+5V Pin=TP2-1
Added Pin To Net: NetName=GND Pin=TP3-1
Added Pin To Net: NetName=SW_negRail Pin=TP4-1
Added Pin To Net: NetName=24V_negRail Pin=TP5-1
Added Pin To Net: NetName=FB_negRail Pin=TP6-1
Added Pin To Net: NetName=-5V Pin=TP7-1
Added Pin To Net: NetName=OUT_P Pin=TP8-1
Added Pin To Net: NetName=OUT_N Pin=TP9-1
Added Pin To Net: NetName=PD Pin=TP10-1
Added Pin To Net: NetName=GND Pin=TP11-1
Added Pin To Net: NetName=NetR20_1 Pin=TP12-1
Added Pin To Net: NetName=Buffer_P Pin=U3-3
Added Pin To Net: NetName=Buffer_N Pin=U3-5
Change Net Name : Old Net Name=24V_negRail New Net Name=24V_N
Change Net Name : Old Net Name=24V_posRail New Net Name=24V_P
Change Net Name : Old Net Name=FB_negRail New Net Name=FB_N
Change Net Name : Old Net Name=FB_posRail New Net Name=FB_P
Change Net Name : Old Net Name=NetC1_1 New Net Name=NetC2_1
Change Net Name : Old Net Name=NetC2_2 New Net Name=NetC3_2
Change Net Name : Old Net Name=NetC12_2 New Net Name=NetC14_2
Change Net Name : Old Net Name=NetC13_2 New Net Name=NetC15_2
Change Net Name : Old Net Name=RCL_negRail New Net Name=RCL_N
Change Net Name : Old Net Name=RCL_posRail New Net Name=RCL_P
Change Net Name : Old Net Name=SW_negRail New Net Name=SW_N
Change Net Name : Old Net Name=SW_posRail New Net Name=SW_P
Change Net Name : Old Net Name=VCC_negRail New Net Name=VCC_N
Change Net Name : Old Net Name=VCC_posRail New Net Name=VCC_P
Added Pin To Net: NetName=conv_N Pin=C1-1
Added Pin To Net: NetName=conv_N Pin=J2-2
Added Pin To Net: NetName=conv_N Pin=L1-1
Added Pin To Net: NetName=conv_N Pin=L3-1
Added Net: Name=conv_N
Added Pin To Net: NetName=NetC12_1 Pin=R1-2
Added Pin To Net: NetName=NetC12_1 Pin=U1-6
Added Net: Name=NetC12_1
Added Pin To Net: NetName=NetC24_1 Pin=R7-1
Added Pin To Net: NetName=NetC24_1 Pin=U2-6
Added Net: Name=NetC24_1
Added Pin To Net: NetName=NetR19_2 Pin=U4-6
Added Net: Name=NetR19_2
Added Member To Class: ClassName=PowerSupply Member=Component C25 1u
Added Member To Class: ClassName=PCBdesign Member=Component J4 142-0701-801
Added Member To Class: ClassName=PCBdesign Member=Component J5 142-0701-801
Added Member To Class: ClassName=PCBdesign Member=Component J6 5-1634503-1
Added Member To Class: ClassName=PCBdesign Member=Component J7 5-1634503-1
Added Member To Class: ClassName=PowerSupply Member=Component R11 133k
Added Member To Class: ClassName=PowerSupply Member=Component R12 1k
